Manufacturer,Category,Screen Size,RAM, Storage,Operating System,Operating System Version,Weight,cpu_speed,cpum,gpum,normalized_price
7,3,15.6,6,8,5,0,2.04,18,1,2,0.06835443037974684
2,1,17.3,16,16,5,0,2.99,19,1,3,0.26582278481012656
4,0,15.6,12,28,5,0,2.19,18,1,2,0.18987341772151897
16,3,13.3,4,2,5,2,1.2,14,1,2,0.17232067510548524
10,3,15.6,6,15,5,0,2.2,24,0,0,0.06329113924050633
5,3,15.6,4,15,5,0,2.3,14,1,2,0.08016877637130801
16,3,14.0,4,25,5,0,1.75,14,1,2,0.1250632911392405
4,3,15.6,4,25,5,0,2.25,16,1,0,0.07172995780590717
7,3,15.6,8,8,5,0,2.04,16,1,2,0.10666666666666666
10,1,15.6,8,3,5,0,2.5,19,1,3,0.17130801687763714
4,3,15.6,8,8,5,0,2.36,18,1,0,0.09704641350210971
4,3,14.0,8,2,5,0,1.6,16,1,2,0.15949367088607594
7,2,12.5,8,28,5,0,0.97,3,1,2,0.29265822784810125
7,3,15.6,4,3,5,0,2.1,11,1,0,0.05485232067510548
10,3,15.6,4,2,4,3,1.9,2,1,2,0.016307172995780588
10,3,15.6,8,15,5,0,2.3,14,1,2,0.19831223628691982
4,0,13.3,8,15,5,0,1.68,16,1,2,0.12067510548523205
2,3,13.3,8,15,5,0,1.4,16,1,2,0.16472573839662447
7,4,13.3,8,15,5,0,1.11,18,1,2,0.19831223628691982
0,3,15.6,4,25,5,0,2.4,2,1,2,0.03476793248945148
2,1,15.6,16,16,5,0,2.5,19,1,3,0.2742616033755274
7,4,14.0,8,28,5,0,1.48,18,1,2,0.3232067510548523
0,1,15.6,8,3,5,0,2.7,19,1,3,0.18329113924050633
7,3,13.3,8,15,5,0,1.34,16,1,2,0.17130801687763714
4,3,15.6,4,2,5,0,2.18,15,1,2,0.06295358649789029
7,3,14.0,4,25,5,0,1.64,16,1,2,0.10210970464135022
16,3,13.3,4,2,5,0,1.2,14,1,2,0.17232067510548524
7,3,14.0,4,15,5,0,1.48,15,1,2,0.15628523206751055
7,3,14.0,4,15,5,0,1.95,16,1,2,0.1740084388185654
7,4,14.0,8,15,5,2,1.43,17,1,2,0.2151898734177215
7,3,14.0,8,15,5,0,1.64,16,1,3,0.14772320675105485
7,3,14.0,4,25,5,0,1.64,15,1,2,0.08607594936708861
4,1,15.6,8,10,5,0,2.65,16,1,3,0.13080168776371306
7,4,12.5,4,25,5,0,1.26,16,1,2,0.23037974683544302
7,3,14.0,4,15,5,0,1.48,16,1,2,0.2389873417721519
7,4,14.0,8,15,5,0,1.54,16,1,2,0.28914936708860756
7,3,13.3,4,25,5,0,1.49,15,1,2,0.10565400843881856
16,3,13.3,8,15,5,0,1.5,14,1,2,0.17485232067510548
7,3,15.6,4,15,5,0,2.04,15,1,2,0.10058902953586499
10,3,17.3,16,28,5,2,2.4,18,1,3,0.47156118143459913
16,3,14.0,8,15,5,0,1.47,14,1,2,0.2221097046413502
7,3,14.0,8,15,5,0,1.43,16,1,2,0.34683544303797464
4,0,15.6,4,8,5,0,2.08,14,1,2,0.10497721518987341
16,4,13.3,8,15,5,0,1.2,14,1,2,0.2389873417721519
7,3,13.3,8,15,5,0,1.11,16,1,2,0.16455696202531644
7,3,14.0,8,15,5,0,1.64,18,1,3,0.17070548523206752
4,3,15.6,8,25,5,0,2.09,15,1,2,0.14724725738396624
7,4,12.5,4,15,5,0,1.26,16,1,2,0.2337552742616034
7,3,14.0,4,25,5,0,2.31,16,1,2,0.17130801687763714
7,3,14.0,4,25,5,0,1.95,16,1,2,0.14953586497890295
4,4,13.3,8,15,5,0,1.29,16,1,2,0.24472573839662445
7,3,17.3,8,15,5,0,2.63,16,1,3,0.1529113924050633
7,3,14.0,4,15,5,0,1.64,16,1,2,0.13485232067510547
0,3,15.6,6,8,5,0,2.1,21,0,0,0.039662447257383965
11,1,17.3,8,3,5,0,2.7,19,1,3,0.17178059071729956
7,3,14.0,8,15,5,2,1.95,14,1,2,0.17232067510548524
7,3,15.6,8,15,5,0,1.84,16,1,2,0.1780573839662447
7,4,12.5,8,15,5,0,1.26,16,1,2,0.19831223628691982
7,3,15.6,4,25,5,0,2.04,16,1,2,0.09586497890295359
16,4,14.0,8,15,5,0,1.47,17,1,2,0.26177215189873415
4,3,15.6,8,15,5,2,2.09,15,1,2,0.1500337552742616
7,3,14.0,8,15,5,0,1.64,16,1,2,0.1411831223628692
10,0,15.6,4,15,5,0,1.8,16,1,2,0.11358649789029535
17,3,14.0,2,22,5,0,1.45,5,1,2,0.006210970464135022
16,3,15.6,16,15,5,0,2.4,16,1,3,0.2111392405063291
10,3,15.6,8,15,5,0,2.3,14,1,2,0.14778059071729957
7,3,14.0,4,25,5,0,1.54,14,1,2,0.13940928270042194
7,3,15.6,8,20,5,0,1.84,15,1,2,0.32562700421940927
7,3,14.0,8,15,5,2,1.43,14,1,2,0.21856540084388185
11,1,17.3,16,16,5,0,3.78,18,1,3,0.23150042194092826
10,1,17.3,16,3,5,0,4.6,17,1,3,0.35712911392405056
2,2,11.6,4,5,1,3,1.2,7,1,2,0.01922362869198312
10,3,14.0,16,15,5,2,1.1,17,1,2,0.4128270042194092
7,3,15.6,8,8,5,0,1.91,18,1,3,0.13586497890295357
4,0,15.6,8,15,5,0,2.3,18,1,2,0.1552742616033755
7,3,15.6,4,15,5,0,2.04,16,1,2,0.13586497890295357
4,4,13.3,16,11,5,0,1.2,18,1,2,0.35105485232067507
7,3,15.6,4,25,5,0,2.31,14,1,2,0.08964556962025316
7,3,15.6,4,25,4,3,1.96,16,1,2,0.05485232067510548
0,3,15.6,8,8,5,0,2.4,13,0,0,0.046413502109704644
4,0,13.3,12,15,5,0,1.6,18,1,2,0.18987341772151897
11,1,15.6,16,16,5,0,2.94,17,1,3,0.2776371308016877
7,3,15.6,8,15,5,0,2.04,18,1,2,0.1512236286919831
2,1,17.3,16,8,4,3,2.037025365103766,17,1,3,0.1390717299578059
4,3,15.6,4,8,5,0,2.25,16,1,2,0.06497890295358649
4,3,15.6,16,21,5,0,2.32,18,1,0,0.13771983122362869
11,1,15.6,16,16,5,0,1.8,17,1,3,0.2962025316455696
4,4,13.3,8,15,5,0,1.29,18,1,2,0.21670886075949367
2,1,17.3,64,11,5,0,3.58,18,1,3,0.641518987341772
4,0,13.3,8,15,5,0,1.62,16,1,2,0.10531814345991561
4,1,15.6,16,16,5,0,3.21,17,1,3,0.19493670886075948
1,4,12.0,8,14,3,4,0.92,2,1,2,0.190042194092827
4,3,15.6,4,25,5,0,2.06,14,1,2,0.05197974683544304
7,3,15.6,4,25,5,0,2.31,14,1,2,0.1729957805907173
7,4,12.5,8,15,5,2,1.26,14,1,2,0.1729957805907173
7,3,13.3,8,15,5,0,1.49,18,1,2,0.15459915611814345
10,4,12.5,8,15,5,0,1.3,16,1,2,0.25982953586497887
10,3,17.3,8,8,5,0,3.0,14,1,0,0.08185654008438818
10,3,15.6,4,8,5,0,2.3,14,1,3,0.13552742616033756
11,1,17.3,16,16,5,0,3.78,19,1,3,0.39240506329113917
10,3,15.6,4,25,5,0,2.1,14,1,2,0.06177215189873418
7,3,15.6,4,25,5,2,2.31,14,1,2,0.12928270042194093
10,4,12.5,8,28,5,0,0.99,3,1,2,0.20675105485232068
10,1,17.3,32,30,5,0,4.6,18,1,3,0.5174683544303796
10,0,10.1,4,34,5,0,0.69,5,1,2,0.07970801687763712
7,4,13.3,16,28,5,0,1.3,18,1,2,0.3164556962025316
4,3,15.6,8,15,5,0,2.18,16,1,2,0.0972151898734177
7,3,14.0,4,25,5,2,1.54,14,1,2,0.14463966244725737
7,5,15.6,8,15,5,2,1.9,16,1,0,0.2229535864978903
10,3,14.0,8,7,5,2,1.7,14,1,2,0.1729957805907173
7,3,13.3,4,22,1,3,1.29,6,1,2,0.07443037974683545
0,3,15.6,4,25,5,0,2.4,13,0,0,0.03594936708860759
4,3,15.6,4,25,2,3,2.2,7,1,2,0.03704472573839662
7,3,15.6,4,8,4,3,1.86,11,1,2,0.02902784810126582
2,1,17.3,8,16,5,0,2.7,19,1,3,0.24050632911392403
4,4,13.3,4,15,5,0,1.4,7,1,0,0.10875105485232067
7,2,12.5,4,2,5,2,2.4,14,1,2,0.24050632911392403
0,3,15.6,8,16,5,0,2.4,16,1,3,0.10548523206751054
4,3,15.6,8,8,5,0,2.36,16,1,0,0.07844725738396624
11,1,17.3,8,15,5,0,2.6,17,1,3,0.24050632911392403
7,3,15.6,4,8,5,0,1.96,7,1,2,0.0550210970464135
2,1,17.3,16,3,5,0,4.3,17,1,3,0.3586497890295358
4,4,12.5,4,25,5,2,1.5,14,1,2,0.16221940928270043
4,4,12.5,4,2,5,2,1.5,14,1,2,0.16758987341772152
0,3,15.6,4,6,1,3,2.2,6,1,2,0.005907172995780589
7,5,17.3,8,8,5,2,3.0,17,1,0,0.4599156118143459
10,1,15.6,16,28,5,0,2.4,19,1,3,0.1729957805907173
4,4,12.5,8,15,5,2,1.5,14,1,2,0.20913080168776368
11,1,17.3,8,3,5,0,2.9,17,1,3,0.2256860759493671
10,0,15.6,4,15,5,0,2.1,14,1,2,0.11696202531645569
7,3,15.6,4,8,5,0,2.1,16,0,0,0.037805907172995784
2,1,15.6,16,3,5,0,2.59,17,1,3,0.19662447257383966
7,3,13.3,8,15,5,0,1.16,2,1,2,0.2573839662447257
4,3,15.6,4,25,5,2,2.24,14,1,0,0.10044725738396623
10,3,15.6,4,2,5,0,2.1,11,1,2,0.0430379746835443
7,4,13.3,8,28,5,0,1.16,16,1,2,0.3029535864978902
10,0,10.1,4,34,0,3,0.69,5,1,2,0.06329113924050633
4,4,13.3,8,15,5,0,1.23,15,1,2,0.20337552742616033
10,1,17.3,16,17,5,0,4.6,18,1,3,0.4347662447257383
14,4,12.5,8,15,5,0,1.25,16,1,2,0.14430379746835442
16,4,13.3,16,28,5,0,1.05,18,1,2,0.3463291139240506
2,1,17.3,8,3,5,0,3.52,17,1,3,0.19215021097046414
17,3,13.3,4,22,5,0,1.35,5,1,2,0.003713080168776372
7,3,13.3,8,15,5,0,1.16,14,1,2,0.25586497890295357
7,3,14.0,8,15,5,2,1.43,14,1,2,0.22599156118143457
4,3,15.6,4,25,2,3,2.09,14,1,2,0.05900928270042194
2,3,15.6,4,8,5,0,2.0,15,1,2,0.0440506329113924
10,0,14.0,8,15,5,0,1.8,16,1,2,0.25232067510548517
10,0,10.1,4,34,5,0,0.69,5,1,2,0.05147679324894515
7,4,12.5,8,15,5,2,1.26,15,1,2,0.290464135021097
10,1,15.6,8,3,4,3,2.4,16,1,3,0.13755274261603376
7,1,17.3,8,3,5,0,3.35,14,1,3,0.1611814345991561
7,3,15.6,8,21,5,0,2.04,18,1,2,0.07679324894514768
10,0,14.0,8,28,5,2,1.8,17,1,3,0.31668860759493667
2,3,14.0,4,22,5,0,1.5,2,1,2,0.01755274261603375
7,4,15.6,8,15,5,0,1.84,18,1,2,0.09755274261603375
0,3,15.6,4,8,5,0,2.23,16,1,3,0.07459915611814345
10,3,15.6,16,10,5,0,2.5,16,1,0,0.1561181434599156
7,5,17.3,8,15,5,2,3.0,17,1,3,0.6371983122362868
4,3,15.6,8,8,5,0,2.5,16,1,0,0.1029535864978903
11,1,17.3,16,16,5,0,3.78,18,1,3,0.3755274261603375
7,4,15.6,8,15,5,2,1.88,16,1,2,0.3371679324894514
10,0,14.0,16,28,5,0,2.8,17,1,2,0.3824472573839662
11,1,15.6,8,3,5,0,2.4,19,1,3,0.16351054852320673
7,0,13.3,8,15,5,0,1.48,15,1,2,0.24556962025316456
7,5,15.6,8,15,5,2,2.59,17,1,3,0.34683544303797464
7,0,13.3,8,15,5,0,1.48,17,1,2,0.2742616033755274
7,5,15.6,8,15,5,2,2.0,17,1,3,0.29113924050632906
7,4,12.5,8,15,5,2,1.26,16,1,2,0.35830379746835433
4,3,15.6,8,15,5,0,2.18,18,1,3,0.1410801687763713
7,3,15.6,8,15,5,2,1.88,14,1,2,0.2371308016877637
10,0,14.0,8,15,5,0,1.27,16,1,2,0.3654008438818565
10,3,15.6,4,8,4,3,1.9,11,1,2,0.027848101265822784
7,3,15.6,4,25,5,0,1.86,8,0,0,0.020759493670886076
10,3,15.6,8,8,4,3,2.32,14,1,0,0.07172995780590717
4,1,15.6,8,8,5,0,2.62,19,1,3,0.1729957805907173
4,3,15.6,8,15,5,0,2.04,14,1,3,0.3504945147679324
7,3,15.6,4,15,5,0,1.91,16,0,0,0.051458227848101265
11,1,17.3,16,16,5,0,2.7,19,1,3,0.2225822784810126
10,4,14.0,12,28,5,2,1.4,17,1,2,0.3586497890295358
10,3,15.6,8,10,5,0,2.5,14,1,0,0.1037113924050633
7,0,13.3,8,28,5,0,1.48,17,1,2,0.31510548523206744
10,4,14.0,8,15,5,2,1.7,17,1,2,0.22362869198312238
11,1,14.0,16,16,5,0,1.7,17,1,3,0.2691983122362869
7,1,15.6,8,8,5,0,2.62,19,1,3,0.12236286919831224
10,3,15.6,8,8,5,0,2.2,11,1,2,0.04810126582278482
7,3,15.6,4,25,4,3,2.1,14,1,2,0.05113755274261604
4,1,15.6,8,3,5,0,2.62,19,1,3,0.22345991561181436
10,3,15.6,8,15,5,0,1.95,16,1,2,0.2052320675105485
10,3,15.6,4,8,5,0,2.2,11,1,3,0.04962025316455697
7,3,14.0,2,22,5,0,1.44,7,1,2,0.012658227848101267
11,1,15.6,8,8,5,0,2.2,18,1,3,0.11223628691983123
7,3,15.6,8,15,5,0,1.96,16,1,2,0.08523206751054851
7,3,15.6,16,28,5,0,2.1,8,1,2,0.1662447257383966
2,3,15.6,4,25,5,0,2.2,7,1,2,0.032911392405063286
10,3,15.6,4,25,4,3,2.1,14,1,2,0.037805907172995784
10,3,15.6,8,8,4,3,2.2,18,1,3,0.09029535864978902
2,3,14.0,4,15,5,0,2.0,15,1,2,0.10042194092827003
10,3,15.6,4,10,5,2,2.32,16,1,2,0.10987341772151898
10,1,15.6,16,28,5,0,3.31,17,1,3,0.19088607594936707
11,1,15.6,16,3,5,0,1.91,17,1,3,0.3340708860759493
7,3,15.6,4,25,5,0,2.07,14,1,2,0.08033755274261603
10,0,14.0,8,15,5,0,1.36,14,1,2,0.24691983122362868
10,4,15.6,6,15,5,0,1.54,18,1,3,0.11088607594936709
4,3,15.6,8,15,2,3,1.98,18,1,3,0.12168945147679325
0,3,15.6,4,25,5,0,2.1,11,1,2,0.026835443037974683
7,3,15.6,6,8,5,0,2.18,17,1,3,0.10548523206751054
2,1,15.6,8,16,5,0,2.591,17,1,3,0.1240506329113924
4,0,15.6,16,28,5,0,2.09,18,1,2,0.16962025316455695
0,3,15.6,4,15,5,0,2.23,16,1,3,0.08725738396624472
4,4,13.3,8,15,2,3,1.23,15,1,2,0.1561181434599156
0,1,17.3,16,16,5,0,4.2,19,1,3,0.40928270042194087
10,1,15.6,8,8,5,0,2.4,16,1,3,0.10886075949367088
15,0,12.3,4,22,1,3,1.15,11,2,1,0.08185654008438818
7,3,15.6,4,25,5,0,1.86,16,1,2,0.05248945147679325
1,4,12.0,8,14,3,4,0.92,2,1,2,0.1669198312236287
4,0,13.3,8,15,5,0,1.6,16,1,2,0.1729957805907173
7,3,15.6,12,3,5,0,2.21,19,1,3,0.19459915611814346
10,3,15.6,4,8,4,3,1.9,11,1,0,0.032742616033755265
2,1,17.3,16,29,5,0,4.3,17,1,3,0.3335021097046413
0,3,15.6,4,8,2,3,2.1,11,1,2,0.01654008438818565
11,1,17.3,16,16,5,0,2.43,19,1,3,0.3164388185654008
4,3,15.6,4,2,5,0,2.3,11,1,0,0.05485232067510548
10,3,15.6,8,25,4,3,2.2,16,1,3,0.07679324894514768
4,0,15.6,16,28,5,0,2.0,8,1,2,0.18751054852320675
4,4,13.3,16,28,5,0,1.2,18,1,2,0.4229535864978902
2,1,15.6,8,8,5,0,2.2,17,1,3,0.1679324894514768
4,3,15.6,8,15,5,0,2.36,16,1,0,0.12067510548523205
7,3,15.6,8,15,5,0,1.91,16,1,2,0.06835443037974684
10,3,15.6,4,25,5,0,2.2,13,0,0,0.021097046413502105
0,3,17.3,8,8,5,0,3.3,11,1,3,0.07679324894514768
2,1,15.6,16,16,5,0,2.2,19,1,3,0.38396624472573837
1,4,12.0,8,27,3,4,0.92,3,1,2,0.18649789029535865
2,3,15.6,16,3,5,0,2.2,19,1,3,0.26582278481012656
11,1,17.3,16,16,5,0,2.43,17,1,3,0.2995763713080168
4,0,15.6,8,15,5,0,2.191,16,1,2,0.13924050632911392
2,1,17.3,16,16,5,0,2.9,19,1,3,0.2995780590717299
0,2,11.6,2,24,1,3,1.3,6,1,2,0.0
0,3,17.3,4,8,5,0,3.3,11,1,3,0.07156118143459915
10,3,17.3,8,8,4,3,2.8,16,1,2,0.06160337552742616
10,1,15.6,8,3,5,0,2.6,17,1,3,0.18531645569620253
0,0,14.0,8,15,5,0,1.2,4,1,2,0.16455696202531644
10,3,15.6,8,15,5,0,2.3,17,1,2,0.22869198312236286
11,1,15.6,8,3,5,0,2.2,17,1,3,0.21976540084388183
7,3,15.6,6,8,5,0,2.1,18,0,0,0.05991561181434599
4,4,12.5,8,15,5,2,1.26,15,1,2,0.25980928270042186
4,0,15.0,4,25,5,0,2.08,15,1,2,0.056540084388185655
2,3,15.6,4,8,5,0,2.65,7,1,2,0.02278481012658228
4,4,13.3,8,15,5,0,1.29,18,1,2,0.219915611814346
4,3,15.6,4,8,2,3,2.18,16,1,2,0.05871054852320676
10,1,15.6,16,3,5,0,2.6,17,1,3,0.14430379746835442
11,1,15.6,8,3,5,0,2.2,19,1,3,0.16455696202531644
10,2,12.5,16,28,5,0,1.3,16,1,2,0.2491139240506329
14,1,14.0,16,11,5,0,1.95,19,1,3,0.561181434599156
4,3,15.6,8,8,5,0,2.3,15,1,2,0.049790717299578055
11,1,17.3,16,16,5,0,2.7,19,1,3,0.240337552742616
1,4,11.6,4,14,3,4,1.08,7,1,2,0.13248945147679325
7,3,15.6,4,8,5,0,2.1,11,1,2,0.05130801687763713
7,4,14.0,8,15,5,2,1.54,16,1,2,0.34163544303797466
4,3,15.6,4,25,5,2,2.24,14,1,2,0.0950210970464135
11,1,15.6,8,3,5,0,2.3,17,1,3,0.1679324894514768
10,3,13.3,16,28,5,0,1.4,18,1,2,0.22362869198312238
10,3,15.6,6,15,5,0,2.2,24,0,0,0.07148860759493672
2,4,13.3,8,15,5,0,1.45,16,1,2,0.18666666666666665
0,3,15.6,4,25,2,3,2.4,11,1,2,0.03169620253164557
4,0,17.3,16,28,5,0,2.77,18,1,3,0.2742616033755274
7,3,14.0,4,15,5,2,1.54,14,1,2,0.15628523206751055
2,1,15.6,16,16,5,0,2.5,19,1,3,0.24067510548523205
4,3,14.0,4,25,5,0,1.6,16,1,2,0.11831223628691984
2,1,15.6,16,16,5,0,2.34,17,1,3,0.36303797468354426
10,3,15.6,8,15,4,3,2.3,16,1,2,0.06734177215189874
4,0,13.3,8,15,5,0,1.24,3,1,2,0.2766244725738396
4,3,15.6,4,25,2,3,2.2,7,1,2,0.02531645569620253
7,3,15.6,4,25,5,0,1.86,16,0,0,0.03797468354430379
10,3,15.6,6,2,5,0,2.4,14,1,3,0.06666666666666667
10,3,14.0,8,15,5,0,1.9,14,1,2,0.15156118143459915
4,3,15.6,4,25,5,0,2.2,7,1,2,0.045567932489451485
2,3,15.6,4,8,5,0,2.0,2,1,2,0.027848101265822784
2,1,17.3,16,3,5,0,4.0,17,1,3,0.2913080168776371
4,3,15.6,4,25,5,0,2.29,11,1,2,0.05333333333333333
10,3,15.6,8,10,5,2,2.32,16,1,0,0.12168776371308015
11,1,15.6,8,3,5,0,2.4,17,1,3,0.1780590717299578
10,0,14.0,4,2,5,0,1.8,14,1,2,0.1112253164556962
2,4,13.3,8,28,5,0,1.2,0,1,2,0.09367088607594937
4,3,15.6,6,8,5,0,2.3,15,1,2,0.04810126582278482
0,3,15.6,4,25,2,3,2.4,7,1,2,0.01940928270042194
4,3,15.6,2,25,5,0,2.2,7,1,2,0.03459915611814346
10,3,15.6,8,8,5,0,2.6,17,1,3,0.12236286919831224
7,3,15.6,6,10,5,0,2.04,20,0,0,0.06345822784810126
4,3,15.6,8,8,2,3,2.3,18,1,0,0.1066649789029536
7,2,11.6,2,22,5,0,1.17,7,1,2,0.005907172995780589
2,3,15.6,4,25,5,0,2.2,16,1,3,0.09220590717299579
10,0,14.0,4,2,5,0,1.8,16,1,2,0.07831223628691983
10,0,13.3,16,28,5,0,1.3,16,1,2,0.22362869198312238
10,3,14.0,2,34,5,0,1.5,7,1,2,0.009282700421940928
7,3,15.6,6,8,5,0,2.19,16,1,0,0.09957805907172995
2,3,15.6,4,25,5,0,2.2,7,1,2,0.032911392405063286
2,4,13.3,8,28,5,0,1.2,0,1,2,0.09367088607594937
4,3,15.6,6,8,5,0,2.3,15,1,2,0.04810126582278482
0,3,15.6,4,25,2,3,2.4,7,1,2,0.01940928270042194
4,3,15.6,2,25,5,0,2.2,7,1,2,0.03459915611814346
10,3,15.6,8,8,5,0,2.6,17,1,3,0.12236286919831224
7,3,15.6,6,10,5,0,2.04,20,0,0,0.06345822784810126
4,3,15.6,8,8,2,3,2.3,18,1,0,0.1066649789029536
7,2,11.6,2,22,5,0,1.17,7,1,2,0.005907172995780589
2,3,15.6,4,25,5,0,2.2,16,1,3,0.09220590717299579
10,0,14.0,4,2,5,0,1.8,16,1,2,0.07831223628691983
10,0,13.3,16,28,5,0,1.3,16,1,2,0.22362869198312238
10,3,14.0,2,34,5,0,1.5,7,1,2,0.009282700421940928
7,3,15.6,6,8,5,0,2.19,16,1,0,0.09957805907172995
2,3,15.6,4,25,5,0,2.2,7,1,2,0.032911392405063286
2,4,13.3,8,28,5,0,1.2,0,1,2,0.09367088607594937
4,3,15.6,6,8,5,0,2.3,15,1,2,0.04810126582278482
0,3,15.6,4,25,2,3,2.4,7,1,2,0.01940928270042194
4,3,15.6,2,25,5,0,2.2,7,1,2,0.03459915611814346
10,3,15.6,8,8,5,0,2.6,17,1,3,0.12236286919831224
7,3,15.6,6,10,5,0,2.04,20,0,0,0.06345822784810126
4,3,15.6,8,8,2,3,2.3,18,1,0,0.1066649789029536
7,2,11.6,2,22,5,0,1.17,7,1,2,0.005907172995780589
2,3,15.6,4,25,5,0,2.2,16,1,3,0.09220590717299579
10,0,14.0,4,2,5,0,1.8,16,1,2,0.07831223628691983
10,0,13.3,16,28,5,0,1.3,16,1,2,0.22362869198312238
10,3,14.0,2,34,5,0,1.5,7,1,2,0.009282700421940928
7,3,15.6,6,8,5,0,2.19,16,1,0,0.09957805907172995
2,3,15.6,4,25,5,0,2.2,7,1,2,0.032911392405063286
1,4,13.3,8,2,6,3,1.37,14,1,2,0.1967409282700422
1,4,13.3,8,0,6,3,1.34,8,1,2,0.12235274261603377
7,3,15.6,8,15,4,3,1.86,16,1,2,0.06767932489451477
1,4,15.4,16,28,6,3,1.83,18,1,0,0.3988945147679324
1,4,13.3,8,15,6,3,1.37,22,1,2,0.27503797468354424
0,3,15.6,4,25,5,0,2.1,21,0,0,0.03814345991561181
1,4,15.4,16,14,3,4,2.04,13,1,2,0.33180928270042187
1,4,13.3,8,14,6,3,1.34,8,1,2,0.16619409282700423
2,4,14.0,16,28,5,0,1.3,8,1,3,0.2229535864978903
0,4,14.0,8,15,5,0,1.6,7,1,2,0.10059071729957805
7,3,15.6,4,25,4,3,1.86,16,1,2,0.03711392405063291
7,3,15.6,4,25,4,3,1.86,11,1,2,0.028859071729957806
1,4,15.4,16,15,6,3,1.83,19,1,0,0.3824421940928269
4,3,15.6,4,15,5,0,2.2,11,1,0,0.05483544303797468
1,4,12.0,8,15,6,3,0.92,3,1,2,0.18369620253164556
1,4,13.3,8,15,6,3,1.37,14,1,2,0.2269282700421941
4,3,15.6,8,15,5,0,2.2,18,1,0,0.09637130801687763
1,4,15.4,16,28,6,3,1.83,20,1,0,0.45299578059071727
10,3,15.6,8,8,4,3,2.2,15,1,3,0.05485232067510548
4,4,13.3,8,2,5,0,1.22,7,1,2,0.13586497890295357
2,2,11.6,2,22,5,0,0.98,5,1,2,0.003021097046413502
10,1,15.6,8,3,5,0,2.5,16,1,3,0.13924050632911392
7,3,15.6,4,25,4,3,1.86,6,0,0,0.014177215189873419
4,0,13.3,8,15,5,0,1.62,7,1,2,0.10886075949367088
7,4,15.6,8,15,5,0,1.91,8,1,2,0.08185654008438818
4,3,15.6,4,8,5,0,2.3,11,1,2,0.04128945147679325
1,4,13.3,8,0,3,4,1.35,7,1,2,0.1561181434599156
4,3,15.6,8,15,5,0,2.2,7,1,0,0.10565400843881856
4,4,15.6,8,18,5,0,1.88,9,1,2,0.18970464135021095
7,3,17.3,8,8,5,0,2.5,7,1,3,0.12185654008438818
3,3,15.6,4,34,5,0,1.89,5,1,2,0.011981434599156116
2,3,14.0,2,22,5,0,1.65,6,0,0,0.0042194092827004225
7,3,17.3,4,25,5,0,2.71,16,0,0,0.04472573839662447
4,4,13.3,16,28,5,0,1.2,8,1,2,0.2860759493670886
1,4,13.3,8,14,3,4,1.35,7,1,2,0.1390717299578059
10,3,14.0,4,34,5,0,1.44,2,1,2,0.012658227848101267
0,3,15.6,4,8,2,3,2.1,18,1,2,0.03257383966244726
4,3,17.3,8,3,5,0,2.8,7,1,0,0.13586497890295357
7,3,15.6,4,8,5,0,1.86,16,1,2,0.05311223628691984
7,3,15.6,8,15,5,0,2.1,7,1,3,0.1189873417721519
2,3,15.6,4,8,2,3,2.0,11,1,2,0.03628691983122363
4,1,15.6,16,16,5,0,2.65,19,1,3,0.22362869198312238
2,3,15.6,8,8,2,3,2.3,16,1,3,0.05890126582278481
0,3,15.6,4,15,5,0,2.2,7,1,2,0.08573839662447257
4,0,17.3,12,8,5,0,2.77,7,1,3,0.13924050632911392
1,4,13.3,8,15,6,3,1.37,11,1,2,0.210126582278481
10,3,15.6,4,2,4,3,2.2,11,1,2,0.032911392405063286
2,1,17.3,8,16,5,0,3.2,21,0,0,0.18987341772151897
4,3,15.6,4,15,5,0,2.3,16,1,0,0.07848101265822785
2,3,17.3,4,8,5,0,2.8,2,1,3,0.049282700421940925
10,0,10.1,4,34,0,3,0.69,5,1,2,0.024472573839662445
0,3,15.6,8,15,5,0,2.2,8,1,3,0.11257383966244724
7,3,15.6,4,15,5,0,1.86,16,0,0,0.037888607594936716
7,3,13.3,8,28,5,0,1.49,8,1,2,0.15679324894514768
0,3,15.6,4,8,5,0,2.4,15,1,2,0.03544303797468354
4,3,15.6,8,15,5,0,2.13,8,1,0,0.1002194092827004
7,3,15.6,4,2,5,0,1.91,11,1,2,0.04472573839662447
2,3,15.6,4,15,5,0,2.0,16,1,2,0.06956793248945148
11,1,17.3,16,19,5,0,2.43,19,1,3,0.38396624472573837
2,3,15.6,4,15,2,3,2.0,11,1,2,0.040675105485232066
4,3,17.3,16,19,5,0,2.8,8,1,0,0.18987341772151897
4,4,14.0,8,15,5,0,1.7,7,1,2,0.1189873417721519
10,3,14.0,8,15,4,3,1.7,18,1,2,0.07172995780590717
2,3,14.0,8,15,5,0,1.4,7,1,2,0.12945147679324895
7,3,15.6,8,15,5,0,1.86,16,1,2,0.08708860759493671
2,4,15.6,16,28,5,0,1.8,19,1,3,0.30531645569620247
7,3,15.6,4,25,5,0,1.86,11,1,0,0.04467341772151899
7,3,14.0,4,24,5,0,1.44,7,1,2,0.009282700421940928
10,3,15.6,4,8,5,0,1.9,16,1,2,0.06329113924050633
2,1,17.3,12,8,2,3,3.0,19,1,3,0.13080168776371306
13,4,13.5,4,2,5,1,1.252,16,1,2,0.15443037974683543
4,4,13.3,8,15,5,0,1.4,8,1,0,0.13181434599156117
4,3,15.6,8,15,5,0,2.2,8,1,0,0.11746835443037973
11,1,17.3,8,3,5,0,2.7,16,1,3,0.15544303797468353
0,3,14.0,8,8,5,0,2.1,11,1,2,0.03628691983122363
2,1,15.6,8,8,5,0,2.2,19,1,3,0.13080168776371306
10,3,15.6,8,21,4,3,2.2,16,1,2,0.05822784810126583
4,3,15.6,8,3,5,0,2.02,8,1,2,0.11493670886075949
0,3,15.6,4,8,5,0,2.2,18,1,3,0.06008438818565401
7,3,17.3,8,3,5,0,2.5,7,1,3,0.13552742616033756
4,4,15.6,8,15,5,0,1.88,7,1,2,0.15563881856540085
1,4,12.0,8,28,6,3,0.92,4,1,2,0.22548523206751056
7,3,14.0,8,15,5,0,1.63,7,1,2,0.11578059071729957
10,3,15.6,4,2,5,0,2.2,16,0,0,0.03797468354430379
0,3,15.6,4,8,5,0,2.1,21,0,0,0.037299578059071734
4,1,15.6,16,3,5,0,2.65,19,1,3,0.19831223628691982
7,4,15.6,8,15,5,0,1.83,8,1,3,0.08860759493670886
7,3,15.6,8,15,5,0,1.96,16,1,2,0.07172827004219409
2,1,15.6,16,3,5,0,2.2,19,1,3,0.2151898734177215
4,4,13.3,8,15,5,0,1.21,8,1,2,0.24894514767932488
2,1,15.6,8,8,5,0,2.45,21,0,0,0.08860759493670886
0,3,15.6,8,8,5,0,2.2,8,1,3,0.08691983122362869
7,3,13.3,16,28,5,0,1.49,8,1,2,0.17265822784810125
4,1,15.6,8,15,5,0,2.65,16,1,3,0.17232067510548524
2,4,14.0,8,15,5,0,1.25,18,1,2,0.14767932489451477
0,0,13.3,8,15,5,0,1.5,7,1,2,0.11358649789029535
4,3,15.6,8,8,2,3,2.2,18,1,0,0.07188185654008439
4,3,15.6,4,15,2,3,2.2,11,1,0,0.05248945147679325
2,3,15.6,6,15,5,0,2.0,15,1,3,0.0680168776371308
7,1,15.6,12,3,5,0,2.62,19,1,3,0.18143459915611815
7,3,15.6,8,15,5,0,1.91,18,1,0,0.0919831223628692
7,3,15.6,4,25,5,0,2.1,6,0,0,0.02953586497890295
4,3,15.6,8,8,2,3,2.2,7,1,0,0.07983122362869198
7,4,13.3,8,15,5,0,1.38,18,1,3,0.15949367088607594
13,4,13.5,8,15,5,1,1.252,16,1,2,0.19679324894514766
7,3,14.0,6,15,5,0,1.58,16,1,3,0.08185654008438818
10,3,15.6,4,8,5,0,1.85,11,1,2,0.04065822784810126
2,4,14.0,8,15,5,0,1.3,18,1,3,0.1719831223628692
11,1,15.6,16,16,5,0,2.2,19,1,3,0.18987341772151897
10,3,14.0,8,15,5,0,1.58,18,1,2,0.22042194092827003
2,4,15.6,16,16,5,0,1.5,8,1,3,0.18362869198312234
4,4,13.3,8,15,5,0,1.23,15,1,2,0.20337552742616033
10,0,13.3,8,15,5,0,1.37,16,1,2,0.20675105485232068
7,3,14.0,4,25,5,0,1.63,7,1,2,0.09248945147679324
4,4,13.3,8,15,5,0,1.21,7,1,2,0.24556962025316456
7,0,13.3,8,15,5,0,1.26,7,1,2,0.20674936708860758
7,3,14.0,8,28,5,0,1.63,8,1,2,0.15358649789029535
4,3,15.6,8,16,5,0,2.16,8,1,3,0.16140590717299577
2,3,17.3,4,8,5,0,2.0,11,1,3,0.06582278481012659
2,3,15.6,8,15,5,0,1.7,8,1,3,0.15932489451476792
0,3,15.6,6,8,5,0,2.1,15,1,2,0.05147679324894515
11,1,15.6,16,19,5,0,1.8,19,1,3,0.34894514767932483
10,3,15.6,8,15,4,3,2.2,16,1,3,0.07679324894514768
7,3,17.3,16,28,5,0,2.5,8,1,3,0.1851476793248945
0,3,15.6,4,15,5,0,2.1,21,0,0,0.04675105485232067
7,3,15.6,4,25,4,3,1.86,7,1,2,0.014345991561181434
7,3,14.0,8,8,5,0,1.63,7,1,2,0.10767932489451476
2,3,14.0,4,36,5,1,1.65,6,0,0,0.017551054852320672
4,3,17.3,16,19,5,0,2.8,8,1,0,0.2062447257383966
7,3,17.3,8,15,5,0,2.5,7,1,2,0.12725738396624472
4,3,15.6,8,8,5,0,2.36,16,1,0,0.07847932489451477
4,3,15.6,4,8,5,0,2.2,11,1,0,0.046413502109704644
0,4,14.0,8,15,5,0,1.6,8,1,2,0.11983122362869197
0,3,15.6,4,15,5,0,2.2,18,1,3,0.06717299578059072
7,3,15.6,8,8,5,0,2.05,18,1,2,0.07156118143459915
7,3,14.0,8,15,5,0,1.63,8,1,2,0.13738396624472574
10,3,15.6,4,8,4,3,1.9,2,1,2,0.0132253164556962
2,1,17.3,8,3,5,0,3.0,16,1,3,0.12894514767932488
10,3,15.6,4,8,4,3,2.2,16,1,3,0.05485232067510548
7,3,13.3,4,15,5,0,1.32,16,1,2,0.08860759493670886
0,3,17.3,4,8,5,0,3.0,18,1,3,0.08118143459915611
10,3,14.0,8,15,5,0,1.75,7,1,0,0.15899071729957806
10,1,15.6,8,15,4,3,2.4,19,1,3,0.11729957805907174
16,3,15.6,4,25,5,0,2.1,14,1,2,0.07223628691983122
7,3,15.6,4,15,5,0,1.86,16,0,0,0.032911392405063286
2,4,14.0,8,15,5,0,1.25,8,1,2,0.1561181434599156
7,4,12.5,8,28,5,0,0.97,3,1,2,0.310548523206751
2,3,15.6,4,8,5,0,2.0,2,1,2,0.028691983122362864
11,1,17.3,16,16,5,0,2.9,19,1,3,0.31308016877637124
0,3,15.6,4,8,5,0,2.1,11,1,2,0.046075949367088614
4,1,15.6,16,28,5,0,2.56,19,1,3,0.1814784810126582
4,1,15.6,8,10,5,0,2.62,19,1,3,0.12236286919831224
10,3,15.6,4,2,5,0,1.9,16,1,2,0.054683544303797474
11,1,17.3,16,16,5,0,2.8,19,1,3,0.2896202531645569
7,4,14.0,4,15,5,0,1.48,18,1,2,0.1532489451476793
7,3,15.6,6,15,5,0,1.91,7,1,0,0.0751054852320675
10,0,14.0,4,15,5,0,1.74,15,1,2,0.07679324894514768
2,0,13.3,8,15,5,0,1.1,7,1,2,0.19257383966244726
4,0,15.6,8,15,5,0,1.56,8,1,2,0.14767932489451477
16,3,15.6,4,25,5,0,2.1,13,1,2,0.046075949367088614
2,3,15.6,4,8,5,0,2.03,21,0,0,0.038649789029535864
0,3,17.3,4,15,5,0,3.0,7,1,3,0.10649789029535864
4,3,15.6,8,15,5,0,2.13,7,1,0,0.09350210970464135
10,1,15.6,16,15,5,0,2.5,19,1,3,0.15274261603375527
0,3,15.6,4,8,5,0,2.1,2,1,2,0.029367088607594936
11,1,15.6,16,16,5,0,2.4,19,1,3,0.2742616033755274
0,3,15.6,4,8,5,0,2.1,2,1,2,0.031984810126582275
4,1,15.6,8,3,5,0,2.56,19,1,3,0.14961856540084387
0,3,17.3,8,15,5,0,3.0,7,1,3,0.11476793248945147
7,3,13.3,4,25,5,0,1.49,7,1,2,0.09789029535864979
8,4,13.0,8,15,5,0,1.05,16,1,2,0.19831223628691982
7,3,17.3,6,21,5,0,2.71,16,1,0,0.08860759493670886
10,3,15.6,4,25,4,3,2.2,20,0,0,0.02278481012658228
16,3,15.6,4,25,5,0,2.0,15,1,2,0.05316455696202532
7,3,17.3,8,15,5,0,2.5,7,1,3,0.12641350210970465
4,3,15.6,8,8,5,0,2.3,15,1,2,0.04810126582278482
0,3,15.6,4,2,5,0,2.1,11,1,2,0.046413502109704644
11,1,18.4,32,29,5,0,4.4,20,1,3,0.4430379746835443
10,3,15.6,8,3,5,0,1.9,16,1,0,0.10784810126582278
7,0,13.3,8,15,5,0,1.29,7,1,2,0.22362869198312238
4,3,15.6,16,19,2,3,2.02,8,1,0,0.14767932489451477
4,4,13.3,8,15,5,0,1.23,7,1,2,0.20675105485232068
10,0,13.9,16,28,5,0,1.4,8,1,2,0.2827004219409282
16,3,15.6,8,2,5,0,2.0,16,1,2,0.10447257383966244
18,3,15.6,8,15,4,3,1.95,7,1,3,0.1729957805907173
4,3,17.3,16,28,5,0,2.77,8,1,3,0.23206751054852318
4,3,15.6,16,28,5,0,2.06,19,1,3,0.3751898734177215
10,1,15.6,8,15,4,3,2.4,16,1,3,0.10210970464135022
0,4,13.3,8,15,5,0,1.12,3,1,2,0.13755274261603376
4,3,17.3,8,3,5,0,2.8,8,1,0,0.15375527426160338
10,0,14.0,16,11,5,0,1.42,18,1,2,0.44725738396624465
17,3,14.0,4,22,5,0,1.3,2,1,2,0.014514767932489448
18,4,13.3,8,15,4,3,1.3,16,1,3,0.13939240506329115
10,3,17.3,8,15,4,3,2.8,7,1,3,0.08843881856540084
4,0,13.3,8,8,5,0,1.62,8,1,2,0.11223628691983123
7,3,17.3,8,8,5,0,2.5,7,1,3,0.12489451476793248
14,1,17.3,32,11,5,0,3.49,20,1,3,1.0
7,3,13.3,8,28,5,0,1.49,7,1,2,0.13248945147679325
7,1,17.3,16,16,5,0,3.35,19,1,3,0.20337552742616033
7,3,17.3,8,15,5,0,2.5,8,1,3,0.14700421940928268
4,1,15.6,16,29,5,0,2.65,19,1,3,0.2820253164556962
10,3,15.6,4,2,5,0,2.1,14,1,2,0.05383966244725738
0,3,15.6,8,8,5,0,2.23,18,1,3,0.09586497890295359
10,1,15.6,16,29,5,0,3.2,19,1,3,0.26582278481012656
4,5,15.6,16,16,5,0,2.8,21,1,3,0.4862447257383966
10,1,15.6,16,28,4,3,2.4,19,1,3,0.20658227848101265
4,3,15.6,6,8,5,0,2.3,15,1,2,0.04472573839662447
4,4,13.3,8,15,5,0,1.21,8,1,2,0.2995780590717299
4,4,13.3,8,15,5,0,1.2,8,1,2,0.2151898734177215
10,3,15.6,8,15,5,0,2.2,16,1,2,0.07139240506329114
0,3,15.6,8,8,2,3,2.4,19,1,3,0.10210970464135022
2,1,17.3,16,16,5,0,2.9,19,1,3,0.2081012658227848
7,3,15.6,4,25,4,3,2.1,11,1,2,0.02953586497890295
10,3,15.6,8,15,4,3,2.2,16,1,2,0.06329113924050633
8,4,13.0,8,28,5,0,1.05,18,1,2,0.22362869198312238
4,4,13.3,8,15,5,0,1.4,8,1,0,0.12791223628691983
10,3,17.3,8,8,4,3,2.8,16,1,3,0.070042194092827
7,3,14.0,8,15,5,0,1.63,8,1,3,0.14464135021097047
4,4,14.0,8,15,5,0,1.6,7,1,2,0.16455696202531644
4,0,13.3,16,28,5,0,1.62,8,1,2,0.18649789029535865
4,3,15.6,8,15,2,3,2.2,7,1,0,0.0849535864978903
10,0,14.0,8,15,5,0,1.74,7,1,2,0.12236286919831224
16,4,13.3,8,15,5,0,1.2,16,1,2,0.20067510548523207
7,3,15.6,8,8,5,0,2.1,7,1,2,0.10464135021097046
4,1,17.3,16,16,5,0,4.42,19,1,3,0.38520506329113924
0,3,15.6,8,15,5,0,2.2,18,1,3,0.11105485232067511
4,3,15.6,16,8,5,0,2.3,18,1,0,0.11561350210970464
2,3,15.6,8,15,5,0,2.0,16,1,3,0.10042194092827003
2,3,17.3,8,20,5,0,2.69,16,1,3,0.1210126582278481
7,3,15.6,8,8,5,0,1.9,18,1,0,0.18481012658227847
2,3,15.6,4,8,5,0,2.37,15,1,2,0.03797299578059071
7,3,15.6,4,25,5,0,2.1,6,0,0,0.026329113924050632
10,1,15.6,16,16,5,0,3.2,19,1,3,0.22362869198312238
4,3,14.0,8,15,5,0,1.6,16,1,2,0.11561181434599155
0,0,13.3,8,15,5,0,1.6,14,1,2,0.08691983122362869
4,3,15.6,16,15,2,3,2.36,18,1,0,0.12236286919831224
0,3,15.6,4,8,2,3,2.1,11,1,2,0.03645569620253164
2,3,15.6,4,3,5,0,2.2,16,0,0,0.06767932489451477
2,1,17.3,32,29,5,0,4.7,20,1,3,0.6271729957805906
0,1,15.6,8,15,5,0,2.5,16,1,3,0.11341772151898732
10,3,15.6,8,2,5,0,2.2,11,1,2,0.070042194092827
2,3,17.3,8,3,5,0,2.1,8,1,3,0.1638818565400844
2,3,17.3,8,3,4,3,2.69,18,1,3,0.12067510548523205
4,1,15.6,8,15,5,0,2.56,16,1,3,0.1189873417721519
10,0,13.9,8,15,5,0,1.38,18,1,2,0.15274261603375527
4,3,15.6,8,4,5,0,2.2,8,1,0,0.13687763713080167
7,3,15.6,8,8,5,0,2.04,16,1,2,0.06497890295358649
2,1,17.3,16,15,5,0,3.6,20,1,3,0.47679324894514763
7,3,13.3,4,25,5,0,1.49,7,1,2,0.08455696202531646
1,4,13.3,8,28,6,3,1.37,22,1,2,0.3149367088607595
4,0,15.6,8,8,5,0,2.08,8,1,2,0.10886075949367088
2,1,17.3,16,16,5,0,4.3,19,1,3,0.2742616033755274
2,3,15.6,4,8,5,0,1.68,21,0,0,0.049789029535864976
10,0,13.9,8,28,5,0,1.37,8,1,2,0.2827004219409282
0,3,17.3,4,15,5,0,3.0,18,1,3,0.08911392405063291
4,4,13.3,8,15,5,0,1.41,7,1,2,0.13080168776371306
7,3,15.6,8,2,5,0,1.91,16,0,0,0.04589029535864979
7,3,17.3,16,8,5,0,2.9,8,1,3,0.14936708860759493
11,1,17.3,16,29,5,0,4.14,19,1,3,0.39240506329113917
10,0,15.6,8,28,5,0,2.0,19,1,3,0.2573839662447257
4,3,17.3,8,3,5,0,2.8,8,1,0,0.16337552742616032
10,3,15.6,4,15,4,3,2.2,11,1,2,0.045569620253164564
7,3,15.6,4,25,5,0,2.1,7,1,2,0.09248945147679324
4,3,15.6,4,8,5,0,2.18,16,1,2,0.08151898734177215
4,3,15.6,8,8,5,0,2.24,16,1,0,0.0659915611814346
4,0,15.6,8,15,5,0,2.67,7,1,2,0.10548523206751054
2,0,13.3,8,33,5,0,1.1,8,1,2,0.22362869198312238
10,3,15.6,4,8,4,3,2.2,16,1,2,0.04945147679324895
7,3,17.3,8,8,5,0,2.5,8,1,3,0.14244725738396624
10,3,15.6,8,15,5,0,2.05,8,1,2,0.11915611814345992
1,4,13.3,8,28,6,3,1.37,20,1,2,0.3012489451476793
2,1,17.3,16,16,5,0,3.2,21,0,0,0.23206751054852318
4,3,15.6,8,15,2,3,2.14,8,1,0,0.09469535864978904
10,0,14.0,16,28,5,0,1.36,17,1,2,0.39240506329113917
16,3,15.6,8,25,5,0,2.2,16,1,3,0.10767932489451476
4,3,15.6,12,8,5,0,2.3,18,1,2,0.09098227848101266
4,3,17.3,8,3,2,3,2.8,8,1,0,0.1561181434599156
0,3,15.6,8,8,5,0,2.2,8,1,3,0.09637130801687763
10,3,17.3,4,8,5,0,2.8,11,1,2,0.05316455696202532
10,3,17.3,8,21,4,3,2.8,8,1,3,0.11392405063291139
10,3,17.3,6,3,5,0,2.8,18,1,3,0.11561181434599155
4,3,15.6,4,8,2,3,2.25,11,1,0,0.04286919831223629
10,1,15.6,8,15,5,0,2.5,16,1,3,0.11054852320675104
10,3,15.6,6,15,5,0,2.2,16,1,2,0.06835443037974684
0,3,15.6,8,15,5,0,3.0,8,1,3,0.1311392405063291
0,3,15.6,12,8,5,0,2.15,18,1,2,0.08185654008438818
10,3,15.6,8,15,5,0,1.95,18,1,2,0.15578059071729958
2,4,15.6,8,15,5,0,1.7,16,1,3,0.13552742616033756
10,1,15.6,16,16,5,0,2.5,19,1,3,0.16962025316455695
10,3,15.6,8,8,4,3,2.2,18,1,3,0.08185822784810126
0,3,15.6,2,6,1,3,2.19,6,1,2,0.0042194092827004225
2,1,17.3,8,8,5,0,3.0,19,1,3,0.1709704641350211
7,3,17.3,8,8,5,0,2.54,11,1,2,0.05316455696202532
4,3,15.6,8,15,5,0,2.0,19,1,3,0.2793248945147679
10,3,15.6,8,15,5,0,2.05,7,1,2,0.09535864978902953
10,1,15.6,8,8,5,0,3.2,19,1,3,0.18987341772151897
0,3,15.6,8,15,2,3,2.5,19,1,3,0.13586497890295357
4,5,17.3,16,15,5,0,3.42,20,1,3,0.4575291139240506
10,3,15.6,6,8,5,0,2.4,15,0,0,0.05485232067510548
2,4,15.6,16,28,5,0,1.63,18,1,3,0.21839662447257382
2,3,14.0,4,2,5,0,1.3,15,1,2,0.056540084388185655
2,1,17.3,16,16,5,0,2.9,19,1,3,0.32877637130801685
10,3,17.3,6,8,5,0,2.8,16,1,3,0.08016877637130801
10,3,15.6,8,21,4,3,2.2,16,1,3,0.06329113924050633
2,1,15.6,8,3,5,0,2.5,19,1,3,0.1841350210970464
10,3,15.6,4,8,4,3,2.2,2,1,2,0.031390717299578055
7,0,13.3,16,15,5,0,1.28,19,1,2,0.30396624472573835
16,3,15.6,8,15,5,0,2.2,16,1,3,0.14666666666666667
10,3,15.6,8,3,5,0,2.3,16,1,3,0.10886075949367088
7,3,15.6,4,8,5,0,1.86,11,1,2,0.049789029535864976
10,3,13.3,8,15,5,0,1.1,16,1,2,0.13924050632911392
4,4,13.3,16,11,5,0,1.21,8,1,2,0.39240506329113917
11,1,15.6,16,16,5,0,2.8,19,1,3,0.32489451476793246
0,3,15.6,8,15,5,0,2.23,13,0,0,0.049789029535864976
2,0,11.6,2,22,5,0,1.1,2,1,2,0.0170464135021097
4,3,15.6,8,3,5,0,2.33,7,1,0,0.11308016877637131
7,0,13.3,16,11,5,0,1.29,8,1,2,0.38396624472573837
10,3,13.3,4,5,1,3,1.45,7,1,2,0.04825316455696202
7,3,14.0,8,15,5,0,1.95,16,1,2,0.1360337552742616
0,3,11.6,4,0,5,0,1.4,7,1,2,0.05248945147679325
7,3,14.0,8,15,5,0,1.48,18,1,2,0.18869198312236285
10,3,17.3,4,8,5,0,2.79,16,1,3,0.070042194092827
2,3,14.0,8,15,5,0,2.0,18,1,2,0.1552742616033755
7,3,15.6,8,8,5,0,2.1,8,1,2,0.12286919831223628
0,3,15.6,8,15,5,0,2.2,18,0,0,0.08185654008438818
10,3,14.0,4,22,5,0,1.44,2,1,2,0.01991561181434599
0,3,15.6,6,8,5,0,2.23,16,1,2,0.06329113924050633
2,4,15.6,8,15,5,0,1.7,18,1,3,0.147831223628692
7,4,12.5,8,15,5,0,1.26,18,1,2,0.19594936708860758
4,3,15.6,32,11,5,0,2.06,19,1,3,0.41603375527426156
11,1,17.3,8,16,5,0,2.7,19,1,3,0.1729957805907173
16,3,15.6,8,15,5,0,2.0,16,1,2,0.12978902953586496
2,3,14.0,8,16,5,0,2.0,18,1,2,0.19578059071729956
10,3,15.6,4,8,5,0,1.85,11,1,2,0.046413502109704644
2,1,15.6,8,15,5,0,2.5,19,1,3,0.13924050632911392
7,3,14.0,8,15,5,0,1.48,17,1,2,0.18464135021097045
4,4,15.6,8,3,5,0,1.9,7,1,3,0.14767932489451477
7,3,15.6,8,15,5,0,1.84,16,1,2,0.16371308016877636
2,3,15.6,4,8,2,3,2.0,2,1,2,0.017044725738396622
4,3,15.6,8,15,5,0,2.0,7,1,3,0.16350210970464135
4,3,15.6,4,25,2,3,2.2,7,1,2,0.017029535864978896
10,3,15.6,12,21,5,0,2.2,24,0,0,0.12236286919831224
7,3,15.6,8,8,5,0,2.1,15,1,3,0.09147679324894514
10,0,13.9,16,28,5,0,1.4,8,1,2,0.32489451476793246
4,4,13.3,8,15,5,0,1.2,8,1,2,0.2371308016877637
10,1,15.6,16,19,5,0,2.4,19,1,3,0.1611814345991561
7,3,14.0,2,22,5,0,1.44,7,1,2,0.017721518987341773
4,4,15.6,16,31,5,0,1.88,9,1,2,0.24201856540084385
2,0,11.6,4,22,5,0,1.5,2,1,2,0.03392405063291139
4,4,15.6,8,8,5,0,1.9,7,1,0,0.08253164556962025
4,3,15.6,16,28,5,0,2.06,19,1,3,0.3128135021097046
7,3,15.6,8,15,5,0,1.84,18,1,2,0.19071729957805905
11,1,17.3,8,3,5,0,2.7,19,1,3,0.20843881856540084
7,5,15.6,8,15,5,0,2.6,19,1,3,0.2640118143459915
16,3,15.6,16,28,5,0,2.4,16,1,3,0.20742616033755273
4,3,15.6,8,4,5,0,2.02,8,1,0,0.13449789029535866
10,3,15.6,4,8,4,3,2.2,2,1,2,0.024977215189873416
4,1,15.6,8,8,5,0,2.65,16,1,3,0.13924050632911392
4,3,15.6,8,21,5,0,2.36,16,1,2,0.06470379746835443
4,3,14.0,8,15,5,0,1.36,17,1,2,0.21147679324894514
7,3,15.6,4,25,5,0,1.86,11,1,2,0.04472573839662447
2,3,14.0,8,15,5,0,2.0,16,1,2,0.130126582278481
10,3,17.3,6,3,5,0,2.8,16,1,3,0.0919831223628692
7,3,15.6,8,8,5,0,1.86,16,1,2,0.07848101265822785
10,3,15.6,8,15,4,3,2.2,11,1,3,0.05485232067510548
7,3,15.6,8,21,5,0,2.04,7,1,2,0.03628691983122363
4,3,17.3,8,3,5,0,2.8,7,1,0,0.15375527426160338
10,1,15.6,8,3,4,3,2.4,16,1,3,0.10717299578059072
4,3,15.6,8,15,5,0,2.33,18,1,0,0.12236286919831224
7,4,14.0,8,15,5,0,1.36,18,1,2,0.2659915611814346
2,0,15.6,12,32,5,0,2.26,18,1,3,0.1561181434599156
0,3,15.6,4,2,5,0,2.1,21,0,0,0.04253164556962025
2,1,17.3,16,16,5,0,3.25,21,0,0,0.3417721518987341
10,3,17.3,4,2,5,0,2.6,13,0,0,0.05316455696202532
4,0,13.3,8,15,5,0,1.62,8,1,2,0.1173012658227848
7,3,15.6,4,15,5,0,1.91,21,0,0,0.05316286919831224
10,2,11.6,4,2,5,0,1.59,2,1,2,0.06396624472573839
4,3,15.6,4,25,5,0,1.8,7,1,2,0.02278481012658228
2,3,14.0,4,22,5,0,1.5,2,1,2,0.01890295358649789
0,3,15.6,8,8,2,3,2.4,19,1,3,0.11341772151898732
7,1,17.3,8,3,5,0,3.35,19,1,3,0.17164556962025315
10,3,15.6,4,2,4,3,1.85,11,1,2,0.038734177215189874
2,1,15.6,8,3,5,0,2.3,19,1,3,0.249957805907173
10,3,14.0,8,15,5,0,1.5,16,1,3,0.1561181434599156
2,4,13.3,16,28,5,0,1.1,18,1,2,0.26580590717299574
10,4,14.0,8,28,5,0,1.13,18,1,2,0.3557805907172995
10,3,13.3,4,2,5,0,1.5,15,1,2,0.06329113924050633
4,5,15.6,8,25,5,0,2.23,17,1,0,0.20168776371308017
4,5,15.6,8,15,5,0,2.0,18,1,3,0.33097046413502107
10,0,14.0,16,28,5,0,1.42,18,1,2,0.3940928270042194
2,1,17.3,8,8,5,0,3.0,19,1,3,0.14599156118143458
2,1,17.3,16,16,5,0,3.0,19,1,3,0.2391561181434599
0,3,15.6,12,8,5,0,2.2,7,1,3,0.08776202531645569
11,1,17.3,8,15,5,0,2.7,19,1,3,0.19831223628691982
4,3,15.6,8,15,2,3,2.33,18,1,0,0.10208776371308018
7,4,15.6,4,15,5,0,1.91,21,0,0,0.05485232067510548
10,3,15.6,8,15,5,0,2.1,8,1,0,0.1781535864978903
10,3,14.0,8,15,5,0,1.9,16,1,2,0.12894514767932488
4,5,15.6,8,15,5,0,1.78,19,1,3,0.4283544303797468
10,4,14.0,16,11,5,0,1.13,18,1,2,0.4136708860759493
10,3,15.6,4,8,5,0,2.2,2,1,2,0.022278481012658228
2,1,17.3,16,16,5,0,2.9,19,1,3,0.22869198312236286
10,3,15.6,8,16,5,0,2.1,7,1,0,0.16379746835443038
0,3,15.6,8,15,2,3,2.5,19,1,3,0.1189873417721519
11,1,17.3,16,16,5,0,2.8,19,1,3,0.35021097046413496
2,4,14.0,8,28,5,0,1.1,18,1,2,0.2867510548523206
16,4,13.3,16,28,5,0,1.2,16,1,2,0.2654852320675105
4,4,14.0,8,28,5,0,1.36,19,1,2,0.25417721518987335
10,3,15.6,4,25,5,0,2.2,11,1,2,0.039662447257383965
10,3,11.6,2,22,5,0,1.15,2,1,2,0.0220168776371308
10,5,15.6,8,28,5,0,2.67,19,1,3,0.2955274261603375
10,4,14.0,8,28,5,0,1.7,19,1,3,0.29856540084388183
7,3,15.6,4,8,5,0,2.1,11,1,0,0.049789029535864976
0,0,13.3,8,15,5,0,1.6,16,1,2,0.10379915611814344
2,0,13.3,8,15,5,0,1.27,16,1,2,0.12725738396624472
4,3,15.6,4,15,2,3,2.3,16,1,0,0.07171308016877637
4,3,13.3,4,2,5,0,1.65,11,1,2,0.08691983122362869
7,4,14.0,8,15,5,0,1.43,16,1,2,0.22379746835443035
4,3,15.6,8,8,5,0,2.14,16,1,2,0.061763713080168786
10,4,14.0,8,15,5,0,1.75,8,1,0,0.17576033755274262
10,0,15.6,16,28,5,0,2.0,19,1,3,0.29113924050632906
3,3,12.3,6,34,5,0,1.4,2,1,2,0.046413502109704644
7,3,15.6,8,15,5,0,2.31,20,1,2,0.21147679324894514
2,3,15.6,8,8,2,3,2.3,15,1,3,0.07139240506329114
4,1,17.3,16,16,5,0,4.42,20,1,3,0.4430379746835443
4,1,15.6,8,3,5,0,2.62,19,1,3,0.1662447257383966
4,3,15.6,8,19,5,0,2.02,8,1,0,0.16344303797468354
4,4,14.0,8,15,2,3,1.6,19,1,2,0.1561181434599156
7,1,17.3,12,16,5,0,3.35,19,1,3,0.30801687763713076
12,0,11.6,4,24,5,0,1.16,2,1,2,0.021097046413502105
15,2,11.6,4,5,1,3,1.15,7,1,2,0.0160337552742616
10,3,13.3,8,15,5,0,1.4,18,1,2,0.1410970464135021
10,3,14.0,4,2,5,0,1.7,18,1,2,0.07172995780590717
10,5,15.6,16,28,5,0,2.3,19,1,3,0.3832911392405063
10,3,15.6,16,28,5,0,2.5,20,1,3,0.38396624472573837
2,1,17.3,8,16,5,0,3.2,23,0,0,0.2567088607594936
7,3,15.6,4,25,5,0,2.1,7,1,2,0.029198312236286914
6,4,12.3,16,28,1,3,1.1,4,1,2,0.3417721518987341
10,4,14.0,24,28,5,0,1.32,18,1,2,0.3726582278481012
2,3,15.6,4,15,2,3,2.0,16,1,2,0.06497890295358649
10,3,17.3,8,8,5,0,2.8,16,0,0,0.05822784810126583
4,3,15.6,4,15,5,0,2.2,7,1,0,0.09704641350210971
10,4,12.5,8,15,5,0,1.36,16,1,2,0.21181434599156118
10,3,15.6,4,2,5,0,2.2,2,1,2,0.02953586497890295
7,1,15.6,8,3,5,0,2.2,19,1,3,0.1561181434599156
4,3,14.0,8,15,5,0,1.64,19,1,3,0.16962025316455695
0,3,15.6,4,25,2,3,2.4,16,1,2,0.045198312236286925
4,5,15.6,8,35,5,0,2.23,21,1,3,0.30700421940928263
11,1,15.6,8,15,5,0,2.2,16,1,3,0.14409113924050632
13,4,13.5,16,28,5,1,1.25,16,1,2,0.4075949367088607
7,3,15.6,8,2,5,0,1.91,16,1,2,0.070042194092827
4,5,15.6,16,15,5,0,2.17,18,1,3,0.30396624472573835
7,5,15.6,8,28,5,0,2.31,20,1,2,0.22953586497890296
10,3,14.0,8,15,5,0,1.65,16,1,2,0.19763713080168777
4,3,15.6,8,3,5,0,2.36,8,1,0,0.13586497890295357
4,0,11.6,4,25,5,0,1.47,7,1,2,0.05147679324894515
4,3,17.3,8,8,5,0,4.42,18,1,3,0.31594936708860755
13,4,13.5,4,2,5,1,1.252,13,1,2,0.13755274261603376
13,4,13.5,8,15,5,1,1.25,16,1,2,0.2742616033755274
7,3,17.3,8,15,5,0,2.5,11,1,2,0.07863291139240505
0,3,15.6,4,8,5,0,2.23,11,1,3,0.06244725738396624
0,2,11.6,4,2,5,0,1.4,7,1,2,0.0440506329113924
2,3,15.6,8,8,5,0,2.37,16,1,2,0.09704641350210971
10,3,14.0,8,28,4,3,1.5,18,1,0,0.10548523206751054
10,3,15.6,8,15,5,0,2.67,20,1,3,0.32337552742616027
2,3,15.6,4,25,5,0,2.0,2,1,2,0.021940928270042192
0,3,15.6,4,25,5,0,2.2,11,1,3,0.049789029535864976
4,3,15.6,8,21,5,0,2.02,7,1,0,0.09873417721518987
7,1,17.3,12,8,5,0,3.78,19,1,3,0.2573839662447257
10,4,14.0,12,15,5,0,1.4,17,1,2,0.2842194092827004
7,0,13.3,8,28,5,0,1.29,8,1,2,0.30801687763713076
7,3,15.6,8,25,5,0,1.9,16,1,0,0.16540084388185652
6,4,12.3,8,2,1,3,1.1,3,1,2,0.18582278481012657
4,4,13.3,8,15,5,0,1.42,7,1,2,0.2814936708860759
2,3,15.6,12,3,5,0,2.06,17,1,2,0.18987341772151897
4,3,14.0,8,2,5,0,1.79,14,1,2,0.09552742616033755
4,5,15.6,8,15,5,0,1.78,19,1,3,0.37704641350210966
10,3,14.0,8,7,5,0,1.7,16,1,2,0.20084388185654006
4,3,15.6,8,8,5,0,2.2,7,1,0,0.08455696202531646
16,3,13.3,8,15,5,0,1.05,16,1,2,0.25282700421940923
4,3,15.6,8,28,5,0,2.16,8,1,3,0.18362869198312234
4,3,15.6,4,8,5,0,2.18,15,1,2,0.06963713080168776
7,3,13.3,4,2,5,0,1.49,7,1,2,0.09316455696202532
3,3,15.6,4,34,5,0,1.89,5,1,2,0.012641350210970462
10,3,15.6,4,2,5,0,2.3,11,1,2,0.0659915611814346
10,3,14.0,8,15,5,0,1.75,7,1,2,0.14767932489451477
4,5,15.6,16,28,5,0,2.17,18,1,3,0.3652320675105485
4,3,15.6,16,28,5,0,2.06,19,1,3,0.29113924050632906
10,4,12.5,16,28,5,0,1.36,18,1,2,0.2740928270042194
2,4,12.5,16,28,5,0,0.91,18,1,2,0.29974683544303793
10,3,15.6,8,15,5,0,2.3,16,1,3,0.14143291139240505
16,4,13.3,32,28,5,0,1.05,18,1,2,0.4430379746835443
2,1,15.6,8,3,5,0,1.99,19,1,3,0.19848101265822785
0,3,15.6,8,8,5,0,2.2,16,0,0,0.06835443037974684
2,1,17.3,24,16,5,0,4.33,17,1,3,0.18481012658227847
10,4,12.5,8,7,5,0,1.3,14,1,2,0.1561181434599156
10,3,15.6,8,15,5,0,2.17,8,1,2,0.12234599156118142
7,3,14.0,8,11,5,0,1.48,19,1,2,0.26582278481012656
10,3,13.3,8,15,5,0,1.4,15,1,2,0.13080168776371306
10,3,15.6,8,15,5,0,2.3,16,1,2,0.12438818565400844
2,2,11.6,4,34,5,1,1.2,2,1,2,0.0280168776371308
7,3,15.6,8,15,5,0,1.91,16,1,0,0.07510379746835442
10,0,13.9,8,15,5,0,1.4,7,1,2,0.24050632911392403
10,3,14.0,4,25,5,0,2.1,2,1,2,0.021097046413502105
10,2,11.6,4,6,1,3,1.25,7,1,2,0.015358649789029535
10,3,13.3,8,15,5,0,1.44,16,1,2,0.13080168776371306
2,3,15.6,8,16,5,0,2.0,18,1,2,0.17721518987341772
0,3,15.6,4,8,5,0,2.2,7,1,3,0.0740928270042194
7,4,13.3,8,28,5,0,1.34,18,1,2,0.19392405063291138
10,1,15.6,8,16,4,3,2.4,19,1,3,0.16455696202531644
4,4,13.3,8,2,5,0,1.29,16,1,2,0.12236286919831224
0,3,15.6,4,25,5,0,2.2,18,1,3,0.07848101265822785
4,3,15.6,8,8,5,0,2.18,16,1,2,0.11172995780590717
4,3,15.6,16,19,5,0,2.2,8,1,0,0.17641181434599154
18,3,15.6,16,15,4,3,1.95,8,1,3,0.2069113924050633
2,2,11.6,2,22,5,0,1.1,2,1,2,0.011983122362869195
7,3,15.6,4,8,5,0,2.04,7,1,2,0.05864472573839663
2,1,15.6,24,28,5,0,2.24,19,1,3,0.47156118143459913
7,3,15.6,8,15,5,0,2.04,16,1,3,0.12067510548523205
2,1,17.3,16,16,5,0,3.0,19,1,3,0.22447257383966243
10,1,15.6,8,16,5,0,3.2,19,1,3,0.20675105485232068
7,4,13.3,8,15,5,0,1.32,18,1,2,0.20675105485232068
4,3,14.0,8,15,5,0,1.64,17,1,2,0.1866210970464135
7,3,15.6,4,2,5,0,1.63,11,1,2,0.08691983122362869
4,3,17.3,8,3,2,3,2.8,7,1,0,0.12067510548523205
10,3,14.0,8,15,5,2,2.02,14,1,2,0.19679324894514766
10,3,15.6,4,8,5,0,2.2,18,1,3,0.10548523206751054
10,3,15.6,8,21,4,3,2.2,11,1,3,0.04810126582278482
4,3,15.6,4,25,5,0,2.3,16,1,0,0.06936708860759494
4,3,15.6,8,15,5,0,1.9,19,1,2,0.2030379746835443
4,1,17.3,16,3,5,0,4.42,19,1,3,0.47911729957805904
16,3,15.6,8,25,5,0,2.0,16,1,2,0.11578059071729957
2,3,15.6,8,16,5,0,2.0,18,1,3,0.18987341772151897
12,3,13.3,4,24,5,0,1.2,2,1,2,0.032911392405063286
2,1,15.6,8,3,5,0,2.3,16,1,3,0.24894514767932488
4,3,15.6,8,15,5,0,1.93,19,1,3,0.20168776371308017
4,3,15.6,8,15,5,0,2.2,7,1,0,0.1052168776371308
7,3,15.6,4,15,5,0,1.86,7,1,2,0.03797299578059071
7,1,17.3,12,8,5,0,2.62,19,1,3,0.2742616033755274
10,3,14.0,8,15,5,0,1.87,18,1,3,0.11561181434599155
4,4,13.3,8,15,5,0,1.2,8,1,2,0.20675105485232068
4,3,14.0,4,2,5,0,1.6,11,1,2,0.09483037974683545
7,4,13.3,8,15,5,0,1.34,18,1,2,0.1638818565400844
0,1,15.6,8,8,2,3,2.4,16,1,3,0.10531645569620252
2,3,15.6,4,25,5,0,2.0,8,0,0,0.02953586497890295
7,3,15.6,4,2,5,0,2.1,15,1,2,0.08970464135021097
10,3,14.0,4,25,5,0,1.87,16,1,2,0.10312236286919832
10,3,15.6,4,8,4,3,2.15,14,1,2,0.048666666666666664
7,3,15.6,4,25,5,0,1.86,11,1,2,0.03763713080168776
10,3,15.6,8,28,5,0,1.99,18,1,2,0.2624472573839662
10,3,15.6,4,2,5,0,2.2,11,1,2,0.05485232067510548
4,3,15.6,8,15,5,0,1.9,16,1,2,0.15915443037974683
4,1,17.3,16,16,5,0,4.42,19,1,3,0.4261603375527426
7,3,17.3,8,8,5,0,2.65,11,1,2,0.06247257383966244
7,3,17.3,8,8,5,0,2.63,18,1,3,0.18666666666666665
2,3,15.6,4,25,2,3,2.0,2,1,2,0.008438818565400841
12,3,13.3,4,22,5,0,1.35,5,1,2,0.013670886075949368
10,3,17.3,6,3,5,0,2.8,18,1,3,0.13080168776371306
7,3,15.6,6,2,5,0,1.91,16,0,0,0.06664978902953586
4,3,15.6,4,8,5,0,2.18,11,1,0,0.07491983122362869
0,0,11.6,4,22,5,0,1.25,11,1,2,0.02953586497890295
10,3,15.6,4,2,5,0,2.05,18,1,2,0.0769620253164557
7,4,13.3,16,28,5,0,1.16,3,1,2,0.3022784810126582
10,3,17.3,8,15,5,0,3.4,19,1,3,0.47679324894514763
2,3,15.6,8,3,5,0,2.5,16,1,3,0.11223628691983123
4,4,13.3,8,2,5,0,1.21,7,1,2,0.24050632911392403
4,3,15.6,4,25,5,0,1.93,17,1,2,0.13248945147679325
5,3,15.6,8,8,5,0,2.2,16,1,2,0.09535864978902953
10,3,15.6,4,25,5,0,2.2,2,1,2,0.028691983122362864
10,3,14.0,4,25,5,0,2.02,16,1,2,0.13772151898734178
7,5,17.3,8,25,5,0,3.14,19,1,3,0.28472405063291134
7,3,14.0,8,21,5,0,1.94,7,1,2,0.03628691983122363
7,3,15.6,6,15,5,0,1.95,21,0,0,0.08016877637130801
10,3,15.6,8,15,5,0,2.3,16,1,2,0.11071729957805906
10,3,15.6,4,25,5,0,2.05,7,1,2,0.08624472573839662
12,3,14.0,4,24,5,0,1.4,5,1,2,0.012658227848101267
16,4,14.0,16,28,5,0,1.24,18,1,2,0.2854008438818565
10,1,17.3,32,16,5,0,4.6,18,1,3,0.42008438818565397
11,1,17.3,16,29,5,0,4.14,20,1,3,0.43122362869198305
4,3,15.6,8,15,2,3,2.2,18,1,0,0.09704810126582278
12,3,14.0,4,24,5,0,1.45,2,1,2,0.03628691983122363
4,3,15.6,8,25,5,0,1.9,17,1,2,0.14084725738396622
7,3,13.3,4,2,5,0,1.49,15,1,2,0.0919831223628692
4,3,15.6,16,15,5,0,1.93,19,1,3,0.23010801687763713
4,2,11.6,4,5,1,3,1.26,7,1,2,0.02042194092827004
11,1,17.3,16,3,5,0,4.5,18,1,3,0.36708860759493667
7,1,17.3,16,16,5,0,3.78,19,1,3,0.22345991561181436
10,4,14.0,12,15,5,0,1.4,17,1,2,0.25299578059071726
10,3,15.6,12,8,5,0,2.2,8,1,2,0.07341772151898734
2,1,17.3,8,3,5,0,2.73,16,1,3,0.2693670886075949
2,0,15.6,8,8,5,0,2.2,16,1,2,0.09535864978902953
10,3,15.6,12,28,5,0,2.2,24,0,0,0.13080168776371306
4,0,11.6,4,2,5,0,1.39,1,1,2,0.07240506329113924
15,3,15.6,16,3,5,0,2.5,19,1,3,0.2573839662447257
10,3,17.3,4,25,4,3,2.8,11,1,2,0.05991561181434599
10,3,15.6,8,8,5,0,2.29,14,1,2,0.04810126582278482
10,0,13.3,8,28,5,0,1.37,18,1,2,0.3124050632911392
10,3,14.0,8,15,5,0,1.7,16,1,2,0.21940928270042193
4,0,12.5,8,15,5,0,1.34,16,1,2,0.2524894514767932
4,5,15.6,8,15,5,0,2.06,19,1,3,0.2681856540084388
7,3,15.6,8,15,5,0,1.84,18,1,2,0.17637130801687764
7,3,15.6,4,25,5,0,2.1,15,1,2,0.08345654008438819
0,3,14.0,4,22,5,0,1.6,2,1,2,0.02616033755274261
11,1,17.3,16,3,5,0,4.14,18,1,3,0.3417721518987341
4,3,15.6,4,8,2,3,2.18,11,1,0,0.04911392405063292
11,1,15.6,16,19,5,0,1.8,19,1,3,0.3586497890295358
16,3,15.6,8,15,5,0,2.2,16,1,2,0.20675105485232068
10,3,15.6,6,8,5,0,2.4,16,1,2,0.06582278481012659
10,0,15.6,8,15,5,0,2.0,19,1,2,0.18987341772151897
0,3,14.0,4,0,5,0,1.6,7,1,2,0.02953586497890295
10,3,15.6,32,11,5,0,2.5,22,1,3,0.7974683544303797
4,1,15.6,16,8,5,0,2.59,17,1,3,0.11898902953586496
4,3,15.6,4,8,2,3,2.18,11,1,2,0.045552742616033745
4,3,15.6,4,8,2,3,2.25,11,1,2,0.031223628691983116
4,3,15.6,4,25,2,3,1.93,17,1,2,0.11729957805907174
2,1,17.3,8,3,5,0,3.0,19,1,3,0.16776371308016877
4,3,15.6,4,2,2,3,2.18,16,1,0,0.06666666666666667
7,4,15.6,8,28,5,0,1.84,18,1,2,0.2050632911392405
11,1,15.6,16,16,5,0,2.94,19,1,3,0.3533940928270042
0,0,11.6,4,22,1,3,1.25,7,1,2,0.03459915611814346
7,3,14.0,8,15,5,0,2.31,17,1,2,0.16033755274261602
10,3,14.0,8,15,5,2,1.65,14,1,2,0.2178902953586498
4,3,15.6,4,8,5,0,2.2,7,1,0,0.10160337552742615
5,3,15.6,8,15,5,0,2.2,16,1,2,0.10548523206751054
7,3,15.6,4,25,5,2,1.88,14,1,2,0.12793248945147678
10,3,15.6,8,8,5,0,2.2,18,1,3,0.12236286919831224
12,3,14.0,2,22,5,0,1.4,5,1,2,0.010970464135021094
10,3,15.6,4,2,4,3,2.2,16,1,2,0.04962025316455697
2,0,13.3,6,8,5,0,1.5,16,1,2,0.07848270042194093
4,3,15.6,8,15,5,0,2.0,19,1,3,0.27780590717299575
2,4,14.0,16,28,5,0,1.1,18,1,2,0.2913080168776371
4,1,15.6,16,16,5,0,2.62,19,1,3,0.220253164556962
10,3,15.6,4,15,5,0,1.8,7,1,2,0.11054852320675104
10,3,15.6,4,8,5,0,2.2,11,1,3,0.06835443037974684
2,3,15.6,8,8,5,0,2.0,2,1,2,0.03797468354430379
2,3,15.6,8,8,5,0,1.99,16,1,3,0.12364894514767932
4,4,13.3,8,15,5,0,1.23,7,1,2,0.2860759493670886
10,3,14.0,2,22,5,0,1.42,7,1,2,0.012658227848101267
10,0,13.3,8,15,5,0,1.37,18,1,2,0.2672438818565401
4,3,15.6,16,11,5,0,2.06,19,1,3,0.3755274261603375
10,1,15.6,8,3,5,0,2.5,19,1,3,0.15780590717299578
7,3,17.0,8,8,5,0,2.6,21,0,0,0.05854852320675105
10,4,14.0,16,28,5,0,1.14,18,1,2,0.3841350210970464
2,1,15.6,8,8,4,3,2.5,19,1,3,0.1679324894514768
0,3,15.6,4,25,5,0,2.4,11,1,2,0.046582278481012665
10,3,14.0,4,22,5,0,1.43,7,1,2,0.016877637130801686
0,4,14.0,8,15,5,0,1.8,16,1,2,0.12573839662447256
14,1,14.0,16,15,5,0,1.95,19,1,3,0.40928270042194087
16,3,13.3,8,15,5,0,1.2,14,1,2,0.17535864978902954
10,4,12.5,8,15,5,0,1.36,18,1,2,0.23797468354430376
2,1,17.3,32,28,5,0,3.8,18,1,3,0.4430379746835443
0,1,15.6,8,8,2,3,2.4,16,1,3,0.09029535864978902
4,4,13.3,8,15,5,0,1.2,7,1,2,0.21534177215189873
11,1,15.6,8,3,5,0,2.2,19,1,3,0.17178059071729956
7,3,15.6,4,25,4,3,1.86,11,1,2,0.03221940928270041
16,3,15.6,8,25,5,0,2.0,16,1,2,0.150210970464135
4,3,15.6,8,15,5,0,2.2,8,1,0,0.12573839662447256
4,3,15.6,16,19,5,0,2.2,8,1,0,0.1621940928270042
10,1,15.6,8,3,5,0,3.31,17,1,3,0.17248945147679323
4,1,17.3,32,29,5,0,4.42,19,1,3,0.501834599156118
4,3,14.0,8,15,5,0,1.56,15,1,2,0.1780590717299578
10,3,15.6,4,25,5,0,2.2,2,1,2,0.04135021097046414
10,3,15.6,4,25,5,0,2.2,14,1,2,0.06092827004219409
7,3,15.6,6,8,5,0,2.04,11,1,0,0.06160337552742616
11,1,17.3,8,3,5,0,2.7,19,1,3,0.2215645569620253
16,3,15.6,4,2,5,0,2.1,12,1,2,0.054683544303797474
4,3,15.6,8,8,5,0,2.06,16,1,2,0.13181434599156117
7,3,15.6,8,8,5,0,2.1,18,1,0,0.09637130801687763
16,3,15.6,8,15,5,0,2.0,16,1,2,0.18295358649789029
0,3,15.6,4,2,2,3,2.1,11,1,2,0.040168776371308015
13,4,13.5,8,15,5,1,1.252,19,1,2,0.28588185654008436
10,3,15.6,8,3,5,0,1.9,16,1,0,0.10868354430379748
10,0,13.3,8,15,5,0,1.3,16,1,2,0.1451476793248945
10,3,15.6,4,2,5,0,2.2,13,0,0,0.02953586497890295
7,0,14.0,4,2,5,0,1.63,15,1,3,0.08860759493670886
11,1,15.6,16,16,5,0,2.4,19,1,3,0.1890295358649789
2,4,14.0,8,15,5,0,1.1,16,1,2,0.1621940928270042
7,0,11.6,8,34,1,3,1.4,2,1,2,0.05417721518987342
9,4,15.6,8,28,5,0,1.09,8,1,2,0.3586497890295358
0,1,15.6,16,15,5,0,2.5,16,1,3,0.18987341772151897
11,1,15.6,8,15,5,0,2.2,16,1,3,0.1390548523206751
2,3,15.6,4,2,5,0,1.86,2,1,2,0.04135021097046414
4,1,15.6,16,3,5,0,3.21,16,1,3,0.31679324894514765
7,3,17.3,4,15,5,0,2.5,11,1,0,0.08860759493670886
10,0,13.3,8,28,5,0,1.19,8,1,2,0.22362869198312238
4,1,15.6,16,16,5,0,3.49,20,1,3,0.4455274261603375
7,3,15.6,4,25,5,0,1.86,16,1,0,0.07402700421940929
4,3,15.6,4,8,5,0,2.2,11,1,0,0.06272911392405063
7,3,17.3,6,21,5,0,2.65,15,0,0,0.06666666666666667
10,3,15.6,4,25,5,0,2.1,7,1,2,0.02430379746835443
0,3,14.0,4,22,1,3,1.45,7,1,2,0.03392405063291139
10,3,14.0,4,15,5,0,1.7,16,1,2,0.08860759493670886
7,5,17.3,8,25,5,0,3.14,19,1,3,0.29265654008438813
10,0,14.0,8,15,5,0,1.42,18,1,2,0.40776371308016873
16,3,13.3,8,15,5,0,1.5,16,1,2,0.13485232067510547
0,2,11.6,4,22,5,0,1.4,7,1,2,0.0160337552742616
10,0,14.0,16,28,5,0,1.38,18,1,2,0.26582278481012656
2,0,12.5,4,34,1,3,1.2,0,1,2,0.08354430379746836
16,4,13.3,16,28,5,0,1.36,16,1,2,0.2874261603375527
7,3,15.6,4,25,5,0,2.1,18,1,0,0.08691983122362869
4,1,15.6,8,8,5,0,2.56,16,1,3,0.10886075949367088
10,3,15.6,4,15,5,0,2.2,20,0,0,0.03797468354430379
10,3,15.6,8,8,5,0,2.2,24,0,0,0.0430379746835443
10,3,15.6,4,9,5,0,2.1,16,1,2,0.07551898734177216
10,3,15.6,4,25,4,3,1.9,11,1,2,0.046582278481012665
4,3,15.6,8,15,5,0,2.18,16,1,2,0.10481012658227848
0,0,13.3,8,15,5,0,1.6,7,1,2,0.13924050632911392
10,5,15.6,16,28,5,2,2.18,16,1,3,0.28371308016877633
10,3,14.0,8,15,5,0,1.8,14,1,2,0.17164556962025315
7,3,17.3,6,21,5,0,2.71,16,0,0,0.08118312236286919
10,1,15.6,8,3,5,0,2.5,19,1,3,0.18143459915611815
4,3,14.0,8,15,2,3,1.64,19,1,3,0.15443037974683543
4,3,15.6,8,8,2,3,1.98,16,1,2,0.09316455696202532
2,3,14.0,4,22,5,0,1.5,2,1,2,0.02092827004219409
4,3,15.6,16,28,5,0,1.93,17,1,2,0.21141940928270042
10,3,14.0,8,15,5,0,1.87,16,1,3,0.1152860759493671
4,3,15.6,8,15,5,0,1.9,17,1,2,0.16962025316455695
10,3,15.6,4,25,5,0,2.19,11,0,0,0.02092827004219409
12,3,14.0,4,23,5,0,1.4,10,1,2,0.015358649789029535
7,3,17.3,8,15,5,0,2.63,18,1,3,0.17316455696202532
10,4,14.0,8,28,5,0,1.17,16,1,2,0.2552978902953586
7,0,13.3,8,15,5,0,1.58,16,1,2,0.111831223628692
10,4,14.0,8,15,5,0,1.32,16,1,2,0.22362869198312238
4,1,17.3,32,12,5,0,4.36,19,1,3,0.588253164556962
11,1,17.3,8,3,5,0,2.7,19,1,3,0.19822447257383966
10,3,15.6,4,8,4,3,1.9,16,1,2,0.053316455696202525
4,3,15.6,8,3,5,0,2.2,7,1,0,0.0919831223628692
4,0,13.3,4,8,5,0,1.71,15,1,2,0.08016877637130801
4,3,15.6,8,8,2,3,2.32,16,1,0,0.07012995780590717
7,3,15.6,4,8,5,0,2.1,21,0,0,0.05316455696202532
0,1,17.3,16,3,5,0,4.2,17,1,3,0.29721518987341766
4,3,15.6,12,8,5,0,2.25,16,1,2,0.08016877637130801
7,3,15.6,6,3,5,0,2.1,21,0,0,0.08033755274261603
0,3,15.6,4,25,5,0,2.4,16,1,2,0.06497890295358649
10,3,13.3,8,15,5,0,1.44,16,1,2,0.13265822784810127
10,3,15.6,4,8,5,0,1.85,18,1,2,0.10210970464135022
7,5,15.6,16,15,5,0,2.6,19,1,3,0.37890295358649784
4,0,13.3,8,8,5,0,1.55,7,1,2,0.08185654008438818
11,1,15.6,16,16,5,0,1.8,19,1,3,0.3241316455696202
0,3,15.6,4,25,5,0,2.4,11,1,2,0.0399662447257384
4,3,15.6,8,3,5,0,2.0,18,1,3,0.17434599156118144
4,3,15.6,8,15,5,0,2.0,11,1,2,0.08286919831223628
16,3,14.0,8,15,5,0,1.25,16,1,2,0.229704641350211
10,0,14.0,8,15,5,0,1.7,16,1,2,0.13924050632911392
10,5,15.6,16,11,5,0,2.5,19,1,3,0.5274261603375527
0,3,14.0,2,22,1,3,1.68,7,1,2,0.026329113924050632
15,4,13.3,16,15,5,0,0.81,18,1,2,0.24894514767932488
7,3,15.6,8,15,5,0,1.86,11,1,2,0.06160337552742616
4,3,14.0,8,15,5,0,1.6,16,1,2,0.16079493670886075
7,5,17.3,16,15,5,2,3.0,20,1,3,0.711392405063291
10,2,11.6,4,2,5,0,1.4,7,1,2,0.05080168776371308
7,3,15.6,8,15,5,0,1.84,15,1,2,0.2913080168776371
2,3,15.6,4,8,4,3,2.45,14,1,3,0.06835443037974684
10,4,14.0,4,7,5,0,1.7,14,1,2,0.15561181434599156
2,3,15.6,4,15,5,0,2.37,18,1,2,0.11407594936708859
10,0,13.3,8,15,5,0,1.3,8,1,2,0.1729957805907173
7,3,15.6,8,3,5,0,2.2,16,1,3,0.1561181434599156
7,5,15.6,8,15,5,2,2.59,17,1,3,0.23409282700421938
4,1,15.6,16,16,5,0,4.42,19,1,3,0.4548506329113923
0,3,15.6,4,15,5,0,2.1,16,1,2,0.07172995780590717
10,1,15.6,8,3,5,0,2.5,19,1,3,0.14751054852320675
4,4,12.5,16,15,5,0,1.18,19,1,2,0.2843881856540084
6,4,12.3,8,15,1,3,1.1,3,1,2,0.2337552742616034
2,4,13.3,8,15,5,0,1.2,16,1,2,0.1611814345991561
4,3,13.3,4,25,5,0,1.65,11,1,2,0.11392405063291139
0,3,13.3,4,2,5,0,1.6,14,1,2,0.08118143459915611
2,3,17.3,4,8,5,0,2.8,2,1,3,0.050015189873417715
4,1,15.6,16,3,5,0,2.72,17,1,3,0.1561181434599156
15,4,13.3,8,15,5,0,1.31,18,1,2,0.24050632911392403
0,3,15.6,4,8,2,3,2.1,2,1,2,0.02092827004219409
4,3,15.6,16,15,5,0,2.3,18,1,0,0.17000337552742614
15,0,15.0,16,15,5,0,1.71,18,1,0,0.2742616033755274
16,3,14.0,4,2,5,0,1.75,14,1,2,0.14278481012658228
4,1,15.6,8,8,5,0,2.62,19,1,3,0.1561181434599156
7,4,12.5,4,15,5,0,1.26,14,1,2,0.18059071729957804
2,0,15.6,12,21,5,0,2.3,18,1,3,0.11223628691983123
10,3,15.6,16,28,5,2,2.5,18,1,3,0.370632911392405
0,3,14.0,4,2,5,0,1.8,15,1,2,0.0779746835443038
14,1,14.0,16,28,5,0,1.95,19,1,3,0.4599156118143459
2,3,15.6,8,2,5,0,2.0,2,1,2,0.06884388185654008
4,1,17.3,32,12,5,0,4.42,19,1,3,0.576337552742616
2,1,17.3,16,16,5,0,4.3,17,1,3,0.3672573839662447
16,4,14.0,16,28,5,0,1.47,17,1,3,0.26835443037974677
10,3,15.6,8,8,4,3,2.2,7,1,2,0.02616033755274261
10,4,14.0,16,28,5,0,1.7,18,1,2,0.3586497890295358
11,1,14.0,16,16,5,0,1.6,19,1,3,0.28978902953586494
11,1,15.6,8,3,5,0,2.2,16,1,3,0.15443037974683543
10,1,15.6,4,8,5,0,2.4,19,1,3,0.13924050632911392
0,1,17.3,16,16,5,0,4.2,19,1,3,0.3586497890295358
4,1,15.6,8,15,5,0,2.62,16,1,3,0.13687763713080167
2,1,15.6,8,3,5,0,2.24,19,1,3,0.19662447257383966
17,3,14.0,4,22,5,0,1.22,2,1,2,0.0048776371308016896
10,0,13.3,8,28,5,0,1.37,18,1,2,0.30312236286919825
10,0,15.6,8,15,5,0,2.08,16,1,0,0.13248945147679325
1,4,12.0,8,27,3,4,0.92,3,1,2,0.1672573839662447
10,0,14.0,8,15,5,0,1.42,16,1,2,0.3638818565400843
2,3,14.0,4,22,5,0,1.63,2,1,2,0.021097046413502105
4,3,15.6,8,2,5,0,1.95,16,1,2,0.10734177215189872
10,0,13.9,8,15,5,0,1.38,18,1,2,0.19831223628691982
4,3,15.6,8,15,5,0,2.0,11,1,0,0.09535864978902953
7,5,15.6,8,15,5,0,3.14,19,1,3,0.3191392405063291
2,3,15.6,8,15,5,0,2.37,16,1,2,0.1561181434599156
4,4,13.3,8,15,5,0,1.29,16,1,2,0.22362869198312238
4,3,15.6,8,15,5,0,2.06,16,1,3,0.26582278481012656
4,2,11.6,4,2,5,0,1.63,2,1,2,0.0962025316455696
7,2,12.5,8,15,5,0,1.26,17,1,2,0.2050632911392405
16,3,15.6,4,25,5,0,2.1,14,1,2,0.10227848101265821
7,3,15.6,8,21,5,0,2.04,16,0,0,0.07679324894514768
4,1,15.6,16,28,5,0,2.62,19,1,3,0.2540084388185654
10,3,15.6,4,8,5,0,2.4,16,1,3,0.07341772151898734
7,1,17.3,12,8,5,0,3.74,19,1,0,0.26582278481012656
11,1,17.3,16,29,5,0,2.9,19,1,3,0.37822784810126575
15,4,13.3,8,15,5,0,0.81,16,1,2,0.22362869198312238
4,3,15.6,8,8,5,0,1.98,18,1,3,0.13282700421940927
4,3,15.6,8,15,5,0,2.18,16,1,0,0.10393417721518985
10,4,14.0,8,15,5,0,1.32,18,1,2,0.2843881856540084
14,4,12.5,16,28,5,0,1.29,16,1,2,0.2742616033755274
7,2,11.6,4,5,1,3,1.23,7,1,2,0.03561181434599156
4,1,17.3,16,3,5,0,4.36,19,1,3,0.3934210970464134
4,3,14.0,4,25,5,0,1.76,14,1,2,0.09805907172995781
10,3,15.6,4,25,5,0,2.1,11,1,2,0.053316455696202525
16,4,14.0,4,2,5,0,1.25,16,1,2,0.15459915611814345
10,4,14.0,8,28,5,0,1.13,18,1,2,0.39240506329113917
11,1,15.6,8,15,5,0,2.4,16,1,3,0.1729957805907173
10,4,14.0,8,14,5,0,1.13,16,1,2,0.28708860759493665
16,3,14.0,4,2,5,0,1.75,12,1,2,0.05485232067510548
2,0,13.3,8,15,5,0,1.1,16,1,2,0.19983122362869196
4,3,14.0,4,25,5,0,1.76,11,1,2,0.06936708860759494
0,2,11.6,4,22,1,3,1.35,7,1,2,0.03054852320675105
0,3,14.0,8,2,5,0,1.5,15,1,2,0.0751054852320675
14,1,17.3,32,28,5,0,3.49,20,1,3,0.8987341772151898
10,4,14.0,16,28,5,0,1.1,17,1,2,0.32489451476793246
2,3,15.6,4,8,2,3,2.1,16,1,3,0.05822784810126583
10,3,14.0,8,15,5,0,1.7,14,1,2,0.17080168776371307
10,3,14.0,8,15,5,0,1.32,17,1,2,0.2491139240506329
4,1,15.6,16,16,5,0,3.21,19,1,3,0.4389248945147679
2,1,17.3,16,16,5,0,2.9,19,1,3,0.37890295358649784
16,3,15.6,4,25,5,0,2.0,15,1,2,0.08354430379746836
10,3,14.0,4,5,1,3,1.5,7,1,2,0.025485232067510546
2,3,15.6,8,1,5,0,2.3,16,1,2,0.07021097046413502
2,1,17.3,16,29,5,0,2.73,17,1,3,0.2742616033755274
4,1,17.3,32,29,5,0,4.42,19,1,3,0.489264135021097
7,3,17.3,8,8,5,0,2.63,16,1,3,0.12421940928270042
4,3,15.6,8,2,5,0,2.18,16,1,2,0.09113755274261603
7,4,14.0,8,28,5,2,1.54,16,1,2,0.2862447257383966
4,3,15.6,4,15,5,0,2.18,18,1,0,0.09535864978902953
7,0,11.6,4,22,1,3,1.4,2,1,2,0.07443037974683545
2,4,13.3,8,28,5,0,1.45,14,1,3,0.14379746835443039
7,0,13.3,8,15,5,0,1.28,16,1,2,0.35493670886075945
7,4,14.0,8,28,5,0,1.54,16,1,2,0.21839662447257382
7,3,15.6,4,2,4,3,1.86,7,1,2,0.021097046413502105
2,1,15.6,16,3,5,0,2.1,19,1,3,0.29113924050632906
4,3,17.3,8,8,2,3,2.83,18,1,0,0.11662447257383965
10,4,14.0,8,15,5,0,1.96,19,1,3,0.29181434599156114
2,3,15.6,8,15,5,0,2.3,18,1,3,0.10345991561181433
4,3,15.6,8,2,5,0,1.9,16,1,2,0.130126582278481
2,3,15.6,4,8,5,0,2.0,2,1,2,0.046413502109704644
7,0,13.3,8,15,5,0,1.28,19,1,2,0.4025316455696202
4,3,13.3,8,8,5,0,1.62,14,1,2,0.08016877637130801
10,3,15.6,4,8,4,3,2.2,11,1,2,0.049789029535864976
10,3,15.6,8,8,5,0,2.3,16,1,2,0.11420421940928269
7,3,15.6,8,15,5,0,1.84,17,1,0,0.19831223628691982
16,3,13.3,4,2,5,0,1.05,16,1,2,0.18751054852320675
10,1,15.6,8,8,4,3,2.5,16,1,3,0.14227848101265822
4,4,13.3,16,28,5,0,1.29,16,1,2,0.3486919831223628
7,3,15.6,4,25,5,0,2.07,14,1,2,0.12421940928270042
16,4,13.3,8,15,5,0,1.2,14,1,2,0.15544303797468353
10,0,13.3,8,15,5,0,1.37,18,1,2,0.29974683544303793
0,3,14.0,8,15,5,0,1.56,16,1,2,0.12286919831223628
4,5,15.6,8,8,5,0,2.23,19,1,3,0.270717299578059
10,3,15.6,4,25,5,0,2.38,16,1,2,0.14869198312236287
10,3,15.6,4,8,4,3,2.2,11,1,0,0.05147679324894515
16,3,15.6,8,15,5,0,2.0,18,1,2,0.20489451476793247
10,3,13.3,4,7,5,0,1.44,15,1,2,0.09468354430379747
15,4,15.0,16,15,5,0,1.23,18,1,3,0.2827004219409282
4,4,12.5,8,15,5,0,1.6,19,1,2,0.25586497890295357
2,3,15.6,4,8,2,3,2.0,2,1,2,0.03797299578059071
18,4,13.3,8,15,5,0,1.28,14,1,3,0.12843881856540085
4,3,15.6,4,3,5,0,2.18,16,1,3,0.12464135021097045
7,3,15.6,4,15,5,0,2.04,16,1,2,0.11223628691983123
7,0,13.3,4,15,5,0,1.28,16,1,2,0.2575527426160337
7,0,15.6,4,25,5,0,2.3,16,1,2,0.086210970464135
2,3,14.1,4,22,5,0,1.65,2,1,2,0.029367088607594936
10,3,15.6,8,8,5,0,2.2,16,1,3,0.08354430379746836
4,3,15.6,4,25,5,0,2.2,7,1,2,0.032911392405063286
7,0,13.3,4,15,5,0,1.28,16,1,2,0.2742616033755274
4,3,15.6,4,8,2,3,2.18,11,1,0,0.04754430379746835
2,1,17.3,12,3,5,0,2.2,16,1,3,0.2018396624472574
0,2,11.6,4,22,1,3,1.25,7,1,2,0.020759493670886076
10,3,17.3,4,25,5,0,2.8,13,0,0,0.03459915611814346
7,3,14.0,4,2,5,0,1.95,16,1,2,0.1841350210970464
7,0,13.3,16,15,5,0,1.42,18,1,2,0.20675105485232068
15,4,15.0,8,15,5,0,1.17,18,1,2,0.2573839662447257
10,4,14.0,8,15,5,0,1.32,16,1,2,0.2742616033755274
11,1,17.3,16,32,5,0,2.43,17,1,3,0.4177215189873417
16,3,13.3,8,15,5,0,1.05,16,1,2,0.21957805907172995
4,1,15.6,8,8,2,3,2.62,19,1,3,0.12742616033755275
7,3,15.6,8,8,5,0,2.04,18,1,3,0.12253164556962026
4,3,15.6,4,8,5,0,2.18,11,1,0,0.07426160337552742
4,3,15.6,8,25,5,0,1.9,17,1,2,0.12843881856540085
4,0,13.3,8,28,5,0,1.24,4,1,2,0.31039662447257377
2,1,17.3,32,18,5,0,3.58,18,1,3,0.18649789029535865
4,0,13.3,16,15,5,0,1.22,4,1,2,0.24894514767932488
10,4,14.0,8,14,5,0,1.13,18,1,2,0.3164556962025316
10,3,15.6,8,28,5,0,1.95,16,1,2,0.30193924050632903
9,4,15.6,16,28,5,0,1.08,18,1,2,0.32489451476793246
7,2,12.5,8,28,5,0,1.26,18,1,2,0.2209282700421941
0,3,15.6,4,5,1,3,2.2,6,1,2,0.031223628691983116
10,3,15.6,8,3,5,0,2.6,14,1,3,0.10379746835443038
9,4,14.0,8,28,5,0,0.98,18,1,2,0.29113924050632906
4,3,14.0,8,15,5,0,1.6,19,1,2,0.1740084388185654
7,4,12.5,8,13,5,0,1.09,3,1,2,0.4938396624472573
10,3,15.6,6,15,5,0,2.2,18,1,3,0.10379746835443038
7,3,15.6,8,15,5,0,2.04,18,1,3,0.14261434599156117
0,3,15.6,4,8,5,0,2.4,15,1,2,0.05485232067510548
10,3,13.3,4,2,5,0,1.44,16,1,2,0.11932489451476794
7,3,13.3,8,15,5,0,1.49,16,1,2,0.13265822784810127
11,1,17.3,16,16,5,0,2.7,19,1,3,0.24050632911392403
4,1,15.6,16,3,5,0,2.6,19,1,3,0.19831223628691982
11,1,15.6,8,3,5,0,2.2,16,1,3,0.15964725738396626
4,3,15.6,4,8,5,0,2.18,16,1,0,0.08624303797468354
7,4,15.6,8,15,5,0,1.84,16,1,0,0.18953417721518986
7,4,13.3,8,15,5,0,1.39,18,1,2,0.16455696202531644
16,3,15.6,16,15,5,0,2.4,17,1,3,0.30396624472573835
10,0,13.3,8,28,5,0,1.37,16,1,2,0.2786497890295358
4,3,15.6,4,25,5,0,1.95,14,1,2,0.09382278481012657
10,4,12.5,8,15,5,0,1.36,18,1,2,0.2491139240506329
7,3,15.6,8,15,5,0,2.31,14,1,2,0.1672573839662447
4,3,15.6,4,8,5,0,2.18,16,1,2,0.09013670886075949
7,3,14.0,4,25,5,0,1.95,14,1,2,0.16455696202531644
10,3,15.6,4,8,5,0,2.2,2,1,2,0.02278481012658228
7,4,12.5,4,25,5,0,1.26,14,1,2,0.2371308016877637
7,3,15.6,4,8,4,3,1.86,7,1,2,0.019392405063291134
10,0,13.3,16,11,5,0,1.3,13,1,2,0.2742616033755274
16,3,14.0,4,2,5,0,1.47,14,1,2,0.1571308016877637
7,2,12.5,8,15,5,0,1.26,14,1,2,0.25232067510548517
4,3,15.6,4,8,5,0,2.18,11,1,2,0.06491139240506329
11,1,15.6,8,3,5,0,2.2,19,1,3,0.1729957805907173
4,4,14.0,8,15,5,0,1.36,16,1,2,0.24725738396624472
4,1,17.3,16,29,5,0,4.36,18,1,3,0.43611814345991556
7,1,17.3,8,3,5,0,2.75,14,1,3,0.20675105485232068
2,3,17.3,4,8,5,0,2.8,7,1,3,0.06008438818565401
0,3,15.6,4,25,5,0,2.23,16,1,2,0.0751054852320675
16,3,15.6,8,15,5,0,2.2,14,1,2,0.15949367088607594
10,0,11.3,8,15,5,0,1.1,3,1,2,0.18987341772151897
10,1,15.6,16,29,5,0,2.5,12,0,0,0.13924050632911392
4,4,12.5,8,15,5,0,1.36,16,1,2,0.21910548523206752
10,3,15.6,8,8,4,3,2.2,18,1,3,0.08624472573839662
4,3,17.3,4,8,5,0,2.36,11,1,0,0.08185654008438818
0,3,14.0,4,22,1,3,1.68,7,1,2,0.02953586497890295
7,5,15.6,8,37,5,0,2.0,18,1,3,0.35021097046413496
4,4,14.0,8,15,5,0,1.36,19,1,2,0.270210970464135
16,3,13.3,8,15,5,2,1.2,14,1,2,0.21704641350210968
2,0,12.5,8,34,1,3,1.2,3,1,2,0.1662447257383966
10,4,14.0,8,15,5,0,1.7,17,1,2,0.2219392405063291
4,1,17.3,16,29,5,0,4.36,19,1,3,0.5029535864978902
4,0,13.3,8,15,5,0,1.24,3,1,2,0.29113924050632906
7,0,11.6,4,15,5,0,1.45,2,1,2,0.10143459915611813
4,4,13.3,8,15,5,0,1.3,16,1,2,0.18464135021097045
0,0,11.6,4,22,1,3,1.25,7,1,2,0.03628691983122363
16,3,13.3,8,15,5,0,1.2,15,1,2,0.229704641350211
10,4,12.5,8,15,5,0,1.36,17,1,2,0.26767932489451474
0,3,15.6,12,3,5,0,2.4,16,1,3,0.14092827004219408
16,4,12.5,8,28,5,0,1.1,18,1,2,0.2727426160337552
7,3,15.6,8,8,5,0,2.04,16,1,3,0.11350210970464134
4,3,15.6,4,8,2,3,2.25,11,1,0,0.04921856540084388
4,3,15.6,4,25,5,0,1.9,16,1,2,0.10987341772151898
7,3,15.6,4,25,5,0,2.04,15,1,2,0.08624472573839662
4,1,17.3,32,16,5,0,4.42,19,1,3,0.5021097046413502
10,3,15.6,6,15,5,0,2.4,16,1,3,0.08793248945147679
4,0,13.3,16,28,5,0,1.22,4,1,2,0.29113924050632906
4,4,14.0,8,15,5,0,1.5,17,1,2,0.30193755274261597
4,1,17.3,32,16,5,0,4.42,17,1,3,0.44320675105485224
16,3,14.0,8,15,5,0,1.95,14,1,2,0.16978902953586497
2,1,17.3,16,16,5,0,2.73,19,1,3,0.3166075949367088
7,3,15.6,8,3,5,0,2.04,18,1,3,0.13586497890295357
10,3,14.0,4,26,5,2,1.7,14,1,2,0.13974683544303798
